2014-02-03T17:03:42.852500,792,123,83,912,869,100,275,419,897,31,38,981,179,135,306,601,660,698,573,777,397,15,732,259,950,174,673,359,393,557,381,337,362,353,571,666,231,992,61,411,362,355,661,998,1005,218,323,442,977,43,944,185,457,404,857,900,42,483,940,270,872,691,873,668
2014-02-03T17:03:42.873628,980,450,598,345,698,136,556,91,820,993,54,349,1001,180,612,401,991,576,693,718,1006,948,66,862,198,178,736,309,532,350,129,6,454,829,276,1010,170,673,903,367,192,1020,162,148,609,745,417,708,536,500,926,256,426,69,69,442,705,265,692,850,274,672,303,388
2014-02-03T17:03:42.894739,957,1005,670,109,15,947,992,261,777,121,875,354,205,271,577,563,310,577,180,763,850,258,587,17,388,997,662,983,881,113,844,753,172,935,681,114,1014,819,32,460,608,675,326,85,65,24,244,693,136,845,871,680,85,671,317,567,95,54,742,272,671,399,675,178
2014-02-03T17:03:42.915937,230,635,729,732,33,989,361,165,121,487,303,575,793,948,447,91,11,978,581,55,653,922,588,263,859,719,979,498,921,915,538,175,853,157,796,697,14,799,496,337,827,360,980,209,138,53,1019,542,834,365,447,859,529,406,885,208,560,214,250,1002,401,20,999,950
2014-02-03T17:03:42.937030,997,355,722,612,851,380,751,632,532,229,384,729,51,364,592,62,196,741,694,583,351,698,700,173,311,404,142,18,233,385,550,462,346,884,647,960,924,56,931,166,291,741,1002,130,2,1014,259,338,189,391,5,833,910,913,529,910,483,782,736,121,131,328,550,134
2014-02-03T17:03:42.958115,684,825,307,719,870,481,736,532,812,811,993,164,929,674,117,592,134,376,913,805,850,357,155,71,376,690,494,644,650,900,229,312,804,241,81,510,851,1008,986,367,86,532,770,404,988,567,773,406,363,988,528,944,67,137,489,352,253,219,618,45,365,583,497,4
2014-02-03T17:03:42.979181,592,35,891,361,533,435,573,943,450,758,414,694,827,585,676,853,708,7,447,459,823,383,400,754,184,280,876,766,289,474,11,811,607,1010,819,353,323,427,540,701,375,406,522,826,884,718,335,483,168,731,898,317,337,557,859,379,600,887,250,818,814,552,851,170
2014-02-03T17:03:43.000272,196,377,516,766,122,575,1017,99,750,605,826,65,0,537,72,793,488,227,551,696,797,855,651,405,269,189,602,341,513,378,937,292,653,566,66,54,331,471,163,470,98,710,725,899,632,167,558,528,517,662,637,794,561,214,886,37,510,559,710,102,524,1018,551,231
2014-02-03T17:03:43.021353,660,101,448,880,467,969,37,98,571,804,846,730,88,723,967,864,630,8,989,858,128,514,23,258,785,903,696,333,436,667,634,200,728,584,328,306,572,734,45,485,975,247,279,382,345,25,145,1001,443,533,547,494,601,844,383,323,991,922,841,85,24,842,776,593
2014-02-03T17:03:43.042451,12,316,237,680,18,439,425,854,591,292,894,928,908,772,536,414,402,607,640,604,108,625,982,44,139,473,70,337,125,712,253,304,180,893,896,512,844,277,170,118,916,276,488,941,326,564,316,705,929,391,237,305,1017,304,417,29,166,713,825,499,948,148,397,674
2014-02-03T17:03:43.063546,207,129,716,673,140,917,1018,218,4,81,455,685,764,710,9,719,921,918,923,272,641,690,290,356,190,838,402,86,455,220,147,159,531,990,365,165,539,226,123,252,268,578,764,824,1000,916,570,993,451,286,416,516,411,627,422,622,261,665,859,301,392,96,613,575
2014-02-03T17:03:43.084637,593,485,248,123,277,200,507,530,650,967,701,570,271,426,163,255,178,941,685,632,222,730,567,271,847,654,626,627,237,31,1019,764,469,290,148,708,949,694,724,236,417,836,780,691,767,647,399,909,167,226,124,915,194,151,135,164,130,504,469,385,420,575,702,701
2014-02-03T17:03:43.105726,792,833,562,223,399,28,789,889,648,660,953,978,818,196,751,288,512,69,207,557,612,797,114,506,113,714,973,276,403,783,636,559,116,132,68,768,164,1006,409,329,829,43,648,599,5,211,849,359,817,969,988,580,737,121,34,785,533,582,591,545,581,78,609,601
2014-02-03T17:03:43.126806,510,209,447,483,572,719,806,21,129,798,507,123,397,476,834,225,381,411,856,239,42,684,627,232,146,548,854,490,985,31,786,171,19,978,934,592,1022,721,16,454,742,466,587,128,553,719,123,638,58,466,927,816,161,822,626,693,157,132,72,187,994,22,390,142
2014-02-03T17:03:43.147897,129,606,747,86,25,237,1004,108,820,65,704,731,39,685,1007,708,397,65,872,829,740,719,653,941,66,158,605,11,365,931,154,988,377,991,187,416,887,26,750,653,562,1005,415,168,828,324,353,569,400,675,203,1002,979,643,757,26,122,223,864,30,80,1015,596,889
2014-02-03T17:03:43.168997,616,545,834,812,280,377,837,320,87,316,264,470,72,403,493,345,817,992,866,918,642,881,284,812,544,377,749,641,898,145,625,471,11,851,877,120,992,788,551,299,35,711,69,979,859,247,402,148,791,790,972,1015,589,909,78,977,365,192,624,800,112,872,475,77
2014-02-03T17:03:43.190078,398,57,151,910,992,289,758,843,395,158,247,755,870,265,578,57,616,566,384,634,880,150,373,517,318,942,241,570,960,448,108,997,634,412,125,98,278,874,825,20,253,274,838,976,61,14,1008,616,0,222,599,680,564,575,747,983,625,780,616,263,795,673,129,271
2014-02-03T17:03:43.211151,518,113,706,297,443,699,132,917,526,632,955,919,943,510,946,535,122,497,268,17,720,777,502,274,426,932,974,686,436,38,507,877,990,394,711,499,506,24,692,660,163,582,452,470,123,611,138,365,260,278,927,98,94,657,874,894,294,27,132,347,525,666,93,18
2014-02-03T17:03:43.232224,512,980,476,147,645,884,511,190,577,136,279,140,605,812,889,477,100,419,772,832,490,429,922,889,946,1007,202,261,282,972,239,404,955,643,265,848,452,523,689,407,997,189,10,26,350,1020,540,659,807,333,519,804,708,329,232,757,469,791,501,822,517,957,129,427
2014-02-03T17:03:43.253303,685,686,325,315,455,362,738,855,176,728,813,476,454,480,8,993,932,693,457,487,971,626,86,302,486,784,331,791,929,966,266,845,969,510,1004,39,5,245,455,597,449,1023,607,229,74,881,720,210,520,411,872,874,635,652,619,838,491,559,550,953,751,999,1019,847
2014-02-03T17:03:43.274400,99,299,298,674,806,322,597,351,128,311,826,659,62,705,930,167,626,888,92,621,4,717,99,757,967,346,812,701,679,738,583,611,779,71,914,371,963,275,618,288,728,298,541,209,442,506,883,485,889,406,144,422,97,943,721,172,491,490,326,255,252,882,539,836
2014-02-03T17:03:43.295489,589,279,326,606,6,37,292,789,1011,405,136,8,678,415,783,673,388,289,396,934,1017,225,595,560,454,295,73,678,303,274,21,802,733,361,288,841,828,755,671,637,891,802,119,40,977,327,347,126,705,1000,770,720,498,507,329,807,311,1013,725,477,338,939,884,889
2014-02-03T17:03:43.316578,144,194,372,722,992,80,511,963,299,906,57,982,240,455,297,987,161,777,351,851,265,193,520,999,307,871,750,617,753,458,1015,680,518,140,954,294,93,186,30,651,734,864,776,423,620,907,205,813,549,707,360,463,436,772,123,564,249,106,882,268,661,594,837,977
2014-02-03T17:03:43.337655,549,7,862,55,447,176,33,315,822,504,629,633,103,530,130,860,322,422,631,386,661,365,411,508,673,449,589,661,347,128,290,728,225,510,810,719,342,911,988,415,359,463,704,777,630,98,620,453,524,326,510,808,983,361,635,1021,280,28,941,563,557,1,423,930
2014-02-03T17:03:43.358735,436,563,163,707,315,738,911,526,1009,893,234,10,543,319,984,740,304,765,363,290,827,979,627,335,789,180,416,529,925,19,607,945,208,937,160,175,917,570,1022,130,725,290,951,571,69,737,233,351,898,814,717,727,391,329,433,934,444,740,968,414,410,505,905,343
2014-02-03T17:03:43.379812,413,992,460,359,857,999,732,50,684,308,845,106,884,416,488,30,573,16,922,499,726,150,191,669,164,861,645,753,667,513,356,294,173,427,467,487,44,974,431,796,536,52,606,408,840,620,79,186,988,617,74,1004,90,303,243,459,833,542,290,850,1002,371,231,739
2014-02-03T17:03:43.400921,851,70,783,179,240,143,798,716,843,349,421,171,840,565,375,266,555,851,629,986,12,578,93,879,238,145,615,612,753,516,536,198,287,973,671,871,672,879,632,825,804,686,123,822,611,72,941,654,735,1019,870,240,263,317,378,565,473,1023,1006,710,413,1015,89,82
2014-02-03T17:03:43.422021,788,495,232,380,71,444,78,538,538,123,571,478,99,846,164,455,595,487,23,875,92,498,808,754,283,296,197,535,305,110,975,664,144,147,170,353,770,104,946,618,397,653,669,119,273,571,590,791,499,962,860,497,701,342,811,622,613,177,48,727,305,569,727,887
2014-02-03T17:03:43.443110,95,672,320,708,217,855,584,258,641,28,512,963,872,341,919,364,485,565,719,673,273,773,898,254,515,620,19,641,769,42,607,749,353,766,885,301,659,464,574,556,858,580,889,292,438,648,624,53,189,476,771,595,1008,671,887,45,389,977,283,518,102,990,763,381
2014-02-03T17:03:43.464203,276,678,200,851,491,377,553,175,29,94,900,1005,787,1022,713,863,214,546,740,44,384,454,446,256,192,57,568,51,760,2,943,479,131,673,224,777,717,93,469,748,1014,48,988,637,684,846,502,649,316,11,1002,179,922,727,528,75,140,832,118,926,295,94,42,408
2014-02-03T17:03:43.485303,520,76,890,1018,1014,722,338,752,594,860,317,695,150,872,330,556,18,90,257,673,85,851,666,988,255,47,935,50,902,556,588,283,321,591,700,983,73,554,649,651,297,455,18,785,263,397,966,663,337,627,513,864,30,789,753,847,109,631,645,886,15,1005,689,501
2014-02-03T17:03:43.506402,527,149,381,467,457,803,16,637,359,352,673,451,209,334,133,299,776,580,840,702,436,389,1015,32,591,701,76,135,18,463,468,166,543,207,562,5,536,643,550,229,84,466,979,800,584,898,925,132,298,717,100,267,577,263,15,550,1009,367,303,183,461,178,573,894
2014-02-03T17:03:43.527503,120,762,671,999,517,356,594,552,901,833,66,276,90,939,239,214,295,815,383,847,785,339,422,961,726,998,254,686,172,57,88,140,382,1010,73,213,321,9,126,925,304,752,714,64,129,1020,884,38,20,497,185,1018,945,308,231,268,863,419,636,22,1007,108,477,982
2014-02-03T17:03:43.548596,893,471,714,646,147,686,87,881,474,881,774,966,372,702,902,983,693,874,521,891,794,706,978,220,603,543,302,925,16,951,517,657,562,834,297,388,336,350,748,490,707,611,294,992,798,230,1012,564,527,395,727,288,137,710,501,806,148,218,345,589,372,958,980,590
2014-02-03T17:03:43.569687,843,0,887,586,416,312,277,808,854,44,657,710,71,372,794,574,960,819,603,929,353,440,385,213,756,395,647,271,781,716,834,574,995,678,951,673,780,434,798,268,521,773,464,487,254,1015,523,842,304,73,643,861,914,1015,144,199,387,979,825,867,717,1017,74,441
2014-02-03T17:03:43.590796,258,210,626,167,950,975,373,814,438,451,985,732,128,777,869,684,872,1021,955,188,543,320,820,692,265,607,355,494,249,42,206,365,992,822,539,24,496,315,805,22,80,648,590,116,538,536,463,989,564,248,542,22,890,374,210,744,910,639,1014,91,621,303,403,194
2014-02-03T17:03:43.611893,995,634,786,906,854,393,907,524,325,905,789,928,12,621,802,745,958,990,1014,493,181,291,336,437,88,775,646,828,276,972,391,282,702,444,60,1000,526,95,919,62,729,307,1014,43,161,848,1012,648,859,188,209,304,530,757,787,70,403,397,824,783,164,468,586,950
2014-02-03T17:03:43.632982,201,755,472,536,353,957,551,414,982,813,564,32,393,67,213,1011,969,363,97,482,990,557,904,363,437,339,769,697,572,853,907,610,115,180,61,560,483,139,138,736,726,680,995,561,704,96,691,825,81,908,16,837,888,419,725,386,91,826,862,264,876,757,861,25
2014-02-03T17:03:43.654079,180,821,695,891,869,497,144,196,355,150,206,918,776,162,787,712,940,579,774,197,521,798,1011,354,183,993,1006,809,397,767,949,318,711,485,194,560,637,54,523,13,983,230,687,828,321,781,226,0,868,108,354,37,101,954,429,778,20,291,304,316,333,109,691,18
2014-02-03T17:03:43.675172,165,159,20,845,580,818,984,574,444,87,183,405,288,820,188,454,213,604,91,370,36,259,426,467,299,678,728,328,36,970,547,386,80,328,64,322,897,685,19,913,391,94,546,843,386,191,979,523,432,82,439,862,142,522,830,79,260,203,561,759,181,625,263,731
2014-02-03T17:03:43.696262,367,28,0,626,809,112,572,284,656,608,500,754,66,268,229,664,941,978,165,994,906,178,264,634,507,901,126,578,701,250,333,513,601,842,734,978,788,433,246,482,52,328,272,309,888,641,712,839,303,108,839,239,195,1016,249,217,619,140,1,873,937,631,988,67
2014-02-03T17:03:43.717352,267,860,700,482,521,613,265,476,1014,620,673,128,676,277,724,688,997,766,599,157,132,349,324,423,57,1007,456,903,415,466,158,291,199,23,726,907,228,248,225,579,542,508,55,400,316,825,174,669,193,79,553,570,934,167,357,646,260,119,742,1001,768,548,535,594
2014-02-03T17:03:43.738458,682,990,852,804,23,412,80,395,370,94,689,782,682,701,695,992,371,922,594,941,687,532,656,58,83,934,136,657,137,197,824,82,428,512,264,193,683,287,246,706,783,421,19,320,731,21,21,409,391,166,409,830,747,259,939,703,397,738,522,201,581,821,469,695
2014-02-03T17:03:43.759560,219,998,477,770,188,375,20,230,259,988,737,8,781,711,670,770,937,874,749,479,949,148,626,490,182,432,208,531,914,45,127,269,819,588,805,77,606,9,443,77,852,990,161,326,560,312,861,834,511,771,900,177,350,436,936,495,979,565,670,386,521,702,71,769
2014-02-03T17:03:43.780656,723,525,982,937,623,530,369,180,575,264,771,519,562,307,457,43,909,840,819,564,245,664,786,701,51,869,543,181,994,101,749,808,620,723,155,680,161,266,245,376,458,988,532,850,705,444,202,682,697,539,388,635,585,47,654,650,581,697,635,608,165,815,831,508
2014-02-03T17:03:43.801763,281,1008,853,744,933,176,791,533,878,744,365,216,896,385,65,433,572,962,700,990,394,124,788,920,652,489,473,675,579,874,593,845,149,694,338,300,514,588,721,986,889,448,336,951,198,8,494,501,682,113,194,180,100,660,754,872,45,830,832,697,830,790,994,590
2014-02-03T17:03:43.822855,303,64,415,261,778,924,992,811,472,149,981,686,407,609,660,335,684,273,880,745,926,361,899,689,983,662,484,883,857,652,477,6,88,642,12,14,275,122,334,237,440,664,223,508,335,960,238,51,805,944,931,164,780,80,335,916,188,783,589,896,933,741,641,186
2014-02-03T17:03:43.844806,461,745,735,988,554,405,823,231,701,97,521,353,665,120,489,503,562,472,158,21,131,277,805,988,895,887,40,216,283,533,745,409,168,336,951,64,608,351,369,944,880,30,446,844,293,563,909,955,554,37,707,779,957,471,161,613,484,417,862,697,957,621,988,68
2014-02-03T17:03:43.866344,661,115,233,590,826,108,227,641,174,123,953,840,492,596,404,369,480,51,261,422,447,178,894,159,321,668,250,344,228,203,915,257,591,387,72,590,546,136,67,81,707,288,653,420,897,316,162,609,205,969,929,1011,105,9,248,898,234,172,298,983,22,457,81,592
2014-02-03T17:03:43.887314,992,455,320,556,1014,654,445,72,193,930,46,563,436,120,874,31,348,440,794,965,877,486,37,693,269,901,720,930,500,285,513,386,954,302,572,727,7,212,126,323,201,199,536,307,346,224,46,759,733,27,378,901,970,56,793,370,194,544,314,747,516,906,647,432
2014-02-03T17:03:43.908295,991,328,62,922,735,780,277,623,957,788,125,583,676,370,636,163,91,877,829,447,553,804,863,601,705,225,463,838,388,269,924,190,439,162,426,253,877,833,229,108,416,869,942,838,669,644,515,601,551,30,478,927,943,321,670,269,41,915,167,890,791,871,160,397
2014-02-03T17:03:43.929311,641,263,458,999,394,997,414,554,183,986,989,289,28,744,15,438,981,666,729,285,190,774,101,109,703,6,349,719,914,82,868,663,107,338,866,887,384,783,101,892,242,872,32,830,818,654,884,0,206,273,186,170,792,249,42,580,571,956,906,376,102,772,431,785
2014-02-03T17:03:43.950406,605,129,941,570,114,155,459,422,503,727,837,489,81,456,697,480,758,405,627,589,376,424,628,880,611,197,63,371,154,723,602,52,413,353,1018,457,1002,124,641,305,223,332,723,909,26,648,65,328,917,5,1010,235,825,850,36,58,305,537,587,625,813,347,956,168
2014-02-03T17:03:43.971502,538,769,170,226,445,316,503,126,135,434,392,715,585,12,405,587,480,234,973,141,464,957,493,2,39,261,108,139,76,674,375,263,986,793,966,375,216,891,136,239,393,695,532,558,27,322,892,780,678,933,341,541,886,23,1010,603,86,221,530,991,713,500,960,139
2014-02-03T17:03:43.992591,279,929,659,850,386,949,144,650,248,676,664,58,269,434,194,564,390,449,988,559,521,782,904,1003,829,691,407,443,131,794,623,700,268,682,992,389,877,877,23,430,976,524,991,534,282,913,111,982,643,13,1022,235,667,16,656,931,191,392,115,400,920,156,405,685
2014-02-03T17:03:44.013684,171,450,1009,414,256,729,916,900,79,712,264,95,205,610,392,84,766,55,834,65,156,561,439,532,275,805,214,957,379,128,688,920,158,854,609,339,88,808,398,78,251,528,910,152,1002,481,65,81,704,320,879,25,187,991,273,210,956,606,621,778,1008,291,21,666
2014-02-03T17:03:44.034793,540,918,609,731,329,336,354,73,429,962,805,850,287,30,910,674,378,442,947,575,754,418,956,308,979,778,528,34,32,359,946,776,1015,114,695,922,804,787,161,796,758,608,23,398,71,705,428,317,968,336,538,165,834,81,43,978,223,470,902,691,473,540,8,496
2014-02-03T17:03:44.055884,407,610,873,111,611,24,19,448,259,1009,590,360,1005,569,794,777,820,177,197,971,774,142,615,216,521,361,765,302,542,282,668,983,27,579,6,753,778,555,7,592,311,632,5,414,826,699,465,788,404,373,346,474,650,38,481,87,655,882,486,833,444,785,498,395
2014-02-03T17:03:44.076976,780,421,342,539,304,86,152,476,1017,874,589,228,524,533,41,428,893,567,695,1011,393,121,630,24,8,340,532,663,444,137,897,34,797,529,693,222,642,1005,222,418,982,574,891,956,884,416,656,232,877,753,928,223,373,821,110,632,92,704,6,414,263,961,365,408
2014-02-03T17:03:44.098078,338,517,316,66,512,582,238,209,634,416,149,727,133,458,96,157,487,184,116,571,940,314,614,693,193,793,365,573,317,846,807,181,42,741,65,570,299,379,881,672,712,554,54,971,928,875,269,391,652,387,190,76,700,119,646,103,1019,488,371,931,699,195,815,478
2014-02-03T17:03:44.119178,68,183,952,545,486,204,193,826,1004,587,637,542,914,668,638,67,15,304,385,192,285,64,587,515,302,308,50,25,821,415,289,333,355,483,597,23,911,422,897,849,636,178,153,1008,307,315,393,765,559,867,908,704,1021,295,643,591,776,841,253,869,96,562,590,167
2014-02-03T17:03:44.140267,876,158,901,659,647,72,827,762,989,911,5,253,72,769,75,714,30,424,559,298,9,582,111,346,597,663,478,5,275,808,859,240,415,589,931,767,99,534,507,770,291,900,494,370,967,491,0,570,31,299,36,203,300,490,586,996,477,405,946,910,765,559,376,263
2014-02-03T17:03:44.161361,46,374,225,680,985,623,152,389,1013,891,341,1005,884,379,382,1020,247,611,931,1017,1009,301,741,250,889,150,551,6,878,802,571,679,164,316,1001,802,748,727,697,752,571,862,780,530,963,95,609,45,808,641,940,851,252,171,289,467,300,692,419,763,878,917,290,688
2014-02-03T17:03:44.182454,73,536,804,982,577,35,655,314,755,90,856,378,774,547,959,348,446,178,902,740,79,314,833,907,986,734,472,846,764,817,847,286,620,932,281,73,529,55,730,873,305,920,381,678,176,634,117,984,745,573,622,637,612,750,476,754,339,462,840,772,840,995,751,507
2014-02-03T17:03:44.203558,941,612,317,410,922,677,594,595,901,204,48,9,521,593,455,372,486,887,638,202,442,745,351,196,590,592,482,1012,228,419,424,666,294,563,583,328,935,872,930,1021,370,590,400,173,248,417,995,48,425,504,965,891,351,847,140,874,1014,517,859,378,236,460,368,301
2014-02-03T17:03:44.224648,93,408,593,3,992,324,995,476,245,599,860,33,1005,293,472,962,981,537,454,341,627,27,1012,929,403,842,749,133,425,547,635,476,108,396,508,265,88,869,654,964,609,1020,429,268,819,776,825,660,350,81,194,602,606,169,701,194,775,413,313,762,1014,40,242,619
2014-02-03T17:03:44.245762,771,226,687,486,714,292,678,11,915,836,717,348,414,500,302,253,77,906,394,103,861,269,1019,582,733,902,375,1011,487,119,922,116,69,103,981,734,336,153,519,52,524,901,390,287,961,585,585,927,995,273,536,406,648,406,698,709,672,826,990,315,148,647,491,250
2014-02-03T17:03:44.266852,122,951,679,968,421,397,923,971,575,585,331,574,421,658,846,714,113,157,412,825,463,352,161,587,648,179,612,805,298,289,504,857,134,61,100,947,590,355,64,804,619,33,521,184,256,75,929,845,604,485,123,521,203,867,188,67,375,713,599,715,630,981,610,655
2014-02-03T17:03:44.287946,814,417,922,79,309,400,872,912,645,624,930,613,562,952,711,121,98,195,161,511,217,252,842,549,859,587,936,527,833,841,163,108,588,91,218,992,931,397,103,44,502,847,98,759,1000,212,1007,799,215,796,716,861,492,65,1018,272,42,951,203,860,411,62,409,207
2014-02-03T17:03:44.309032,132,127,827,36,679,265,349,296,574,623,182,959,452,861,1004,961,408,881,214,425,630,384,162,655,882,824,224,778,980,773,970,259,224,34,324,803,655,969,375,0,218,619,796,85,16,674,20,452,740,381,124,760,9,489,728,154,811,503,149,292,114,27,274,718
2014-02-03T17:03:44.330124,390,985,784,328,498,170,208,900,414,53,121,431,387,882,385,663,267,115,263,732,777,37,697,953,802,20,512,269,1023,101,688,215,466,85,794,572,204,796,356,476,215,657,1016,325,832,996,935,451,535,381,430,139,559,63,355,656,169,362,552,69,245,465,80,841
2014-02-03T17:03:44.351319,260,6,829,336,290,799,669,396,647,437,30,529,210,875,584,762,286,883,618,603,166,351,599,712,263,953,455,204,26,245,857,663,963,308,900,134,274,496,273,445,780,780,177,913,534,557,141,387,175,789,616,827,806,853,627,831,119,716,264,758,309,25,575,657
2014-02-03T17:03:44.372420,562,719,4,100,785,448,416,417,1,729,499,771,840,148,821,756,648,938,795,176,946,197,857,36,327,615,622,357,211,628,780,92,576,421,280,287,853,912,359,176,472,821,268,58,941,952,358,948,247,458,390,297,544,781,931,474,711,666,383,71,782,365,474,137
2014-02-03T17:03:44.393509,98,454,597,24,413,406,547,361,508,767,120,976,73,129,877,403,7,892,449,135,418,60,282,891,523,148,581,651,337,606,726,202,278,324,198,173,191,679,570,633,336,74,844,705,872,503,719,128,582,288,675,169,168,265,372,284,886,857,821,572,51,986,972,767
2014-02-03T17:03:44.414605,635,305,859,199,547,261,489,985,32,432,470,894,479,467,452,809,460,791,275,732,630,944,820,109,588,14,385,501,652,77,437,624,211,708,492,16,337,550,654,254,401,975,288,791,992,180,407,629,793,625,134,439,1012,838,137,101,291,1002,111,433,982,616,497,625
2014-02-03T17:03:44.435674,891,662,182,958,515,935,295,361,614,81,503,710,363,663,705,504,915,300,666,779,90,590,295,147,30,719,1006,295,934,388,901,164,231,508,427,10,103,139,13,599,641,567,1004,84,314,148,73,757,317,391,600,369,70,1003,770,756,614,1018,380,71,632,857,450,529
2014-02-03T17:03:44.456744,68,897,459,421,593,402,715,506,556,988,556,661,779,589,91,733,339,159,828,956,458,122,992,568,27,990,65,733,959,335,194,473,290,332,303,438,628,849,914,639,927,131,203,631,757,650,843,140,288,251,376,829,581,439,8,885,304,860,918,194,655,597,124,273
2014-02-03T17:03:44.477804,105,79,137,368,437,131,726,9,376,326,504,861,311,247,890,645,207,243,429,142,408,310,58,720,591,985,186,901,639,344,973,452,359,884,572,698,55,830,794,536,348,469,352,276,446,503,249,646,82,741,672,1020,450,209,969,925,730,10,693,762,363,118,567,847
2014-02-03T17:03:44.498893,843,339,317,838,181,326,138,658,395,126,111,85,288,719,370,994,380,137,759,466,958,709,418,315,674,241,925,392,488,68,453,0,118,143,864,57,797,196,518,734,687,15,427,351,358,603,468,319,150,462,623,325,725,695,329,723,780,616,837,182,562,481,576,678
2014-02-03T17:03:44.519979,429,265,1017,139,731,246,781,1007,431,177,587,969,730,862,480,567,563,180,1,780,789,434,183,836,556,919,918,263,217,771,532,955,216,1023,186,860,633,375,250,869,824,41,930,885,68,661,269,864,1010,124,454,357,596,639,83,897,558,977,505,551,748,366,669,756
2014-02-03T17:03:44.541066,296,224,714,714,885,470,307,716,439,245,1023,509,821,190,858,422,711,960,184,187,462,447,54,220,743,506,974,936,628,124,149,223,503,861,387,834,578,428,108,489,904,824,1015,365,429,178,291,684,827,391,178,570,748,423,486,944,563,716,608,535,504,142,807,273
2014-02-03T17:03:44.562130,774,724,859,130,941,1002,110,7,76,89,238,34,919,447,683,861,638,631,371,206,589,211,598,548,367,97,437,614,295,722,445,907,358,934,840,716,641,762,39,870,786,830,166,498,448,40,126,537,659,782,226,177,238,558,174,76,192,69,25,876,290,905,29,808
2014-02-03T17:03:44.583222,20,321,341,677,757,549,875,77,303,735,496,575,106,464,352,36,297,177,420,879,930,653,587,1006,901,5,155,446,896,402,790,866,177,996,619,389,994,94,256,873,783,892,323,218,933,325,89,966,387,341,370,1002,808,115,502,107,248,97,829,647,90,895,410,919
2014-02-03T17:03:44.604302,935,96,983,707,784,61,218,321,276,909,696,745,812,92,261,286,403,974,726,942,685,810,964,792,956,459,426,696,957,185,803,216,843,696,653,614,798,625,385,938,983,770,28,19,612,920,922,206,666,987,976,835,151,481,14,389,388,377,17,408,13,787,434,646
2014-02-03T17:03:44.625376,855,298,616,300,347,335,987,376,24,315,570,514,259,182,187,121,403,932,544,160,874,403,997,665,232,734,595,699,651,950,529,80,650,338,860,89,366,265,148,829,322,405,923,758,795,908,374,996,765,578,290,886,659,532,320,784,990,981,309,759,92,1,837,677
2014-02-03T17:03:44.646445,788,958,1021,204,539,590,211,282,761,226,385,870,382,851,624,144,371,257,275,663,41,582,624,417,179,947,3,19,403,838,474,529,220,1023,1012,705,968,633,539,731,242,772,446,394,392,681,801,533,253,373,510,574,509,240,915,670,825,453,974,776,580,317,126,636
2014-02-03T17:03:44.667515,287,68,788,7,308,941,323,637,317,767,676,619,370,25,794,828,593,231,557,641,595,881,813,51,288,113,782,538,18,172,473,909,341,1007,552,849,693,948,829,56,148,844,138,72,88,77,783,524,489,381,980,302,444,164,747,971,392,619,461,844,231,362,178,320
2014-02-03T17:03:44.688589,857,823,6,781,951,960,316,241,673,602,379,835,860,783,862,286,407,835,422,969,172,66,771,971,642,0,649,124,481,798,34,322,572,163,335,415,194,637,691,497,388,747,178,120,78,684,158,581,622,911,904,867,573,118,168,69,874,174,1011,577,225,319,364,884
2014-02-03T17:03:44.709671,834,388,594,370,33,388,508,267,1019,379,757,556,549,186,497,516,189,456,418,934,583,779,480,552,29,332,544,180,470,10,130,89,1021,33,38,857,0,347,239,385,210,162,299,953,452,895,852,431,438,800,653,859,548,125,342,865,924,258,564,985,258,352,807,55
2014-02-03T17:03:44.730773,483,843,701,551,45,573,456,594,769,850,378,503,627,621,804,462,407,355,285,12,58,862,252,978,10,802,251,28,281,11,899,498,753,1003,208,794,970,386,269,465,236,126,1011,734,224,491,762,93,272,776,560,828,705,729,294,604,782,184,755,35,938,79,459,629
2014-02-03T17:03:44.751857,996,309,367,973,742,136,363,900,748,23,200,194,905,883,872,391,444,292,264,1,1000,821,231,349,274,762,178,364,668,79,846,760,850,93,16,852,99,611,298,627,65,32,632,236,180,878,952,117,647,110,21,17,718,38,951,158,110,699,646,540,893,38,1002,218
2014-02-03T17:03:44.772971,1004,728,671,983,591,559,6,806,715,846,117,175,314,650,1011,479,582,136,133,930,92,788,885,23,881,552,549,73,1001,417,476,324,700,366,614,4,388,904,534,232,587,110,155,152,26,715,27,284,947,709,156,954,999,361,1015,1001,275,894,204,182,418,173,568,649
2014-02-03T17:03:44.794072,641,648,702,560,963,927,428,209,441,866,116,999,507,563,457,650,829,116,0,586,45,711,690,91,66,163,203,224,231,469,402,430,220,624,877,1017,462,337,336,697,707,809,152,659,861,670,546,227,596,366,500,938,195,644,689,631,11,587,444,1018,200,835,841,608
2014-02-03T17:03:44.815152,93,35,436,574,652,388,689,14,445,33,348,88,920,617,935,399,90,231,384,900,1020,316,260,689,845,578,349,363,707,541,883,194,880,642,271,1002,99,800,230,641,162,895,91,687,181,679,752,108,125,105,139,851,724,984,361,54,68,842,597,438,890,58,381,9
2014-02-03T17:03:44.836229,911,204,624,618,244,842,726,320,127,612,582,194,526,174,511,192,241,482,717,750,961,172,276,158,838,856,123,45,712,941,929,359,50,597,194,93,847,597,371,969,897,606,582,635,816,628,685,497,986,990,568,165,304,484,746,663,233,879,982,767,331,832,140,320
2014-02-03T17:03:44.857303,17,46,990,949,966,187,942,755,410,455,387,991,944,352,317,505,336,875,816,138,119,57,900,153,122,738,971,316,146,927,243,367,998,3,564,805,395,955,989,745,234,765,441,972,1001,960,560,964,375,57,2,488,908,669,734,706,1020,908,832,58,1013,897,518,970
2014-02-03T17:03:44.878389,719,820,309,1010,594,420,550,420,65,611,3,157,120,563,858,316,812,275,693,64,337,218,105,784,50,369,144,559,848,478,893,269,730,496,650,229,849,974,851,420,536,282,1010,815,919,417,611,248,919,185,654,416,757,605,822,315,252,958,992,98,912,199,680,443
2014-02-03T17:03:44.899465,194,587,765,718,654,889,937,852,873,180,762,600,479,312,697,528,182,806,455,360,948,763,488,216,910,380,51,497,598,448,760,823,794,507,345,52,325,979,636,745,125,256,668,598,398,410,493,279,816,757,41,377,57,1023,938,983,172,184,192,39,52,494,652,508
2014-02-03T17:03:44.920537,900,895,379,39,246,387,767,649,222,963,621,635,982,745,702,155,305,145,306,785,308,309,591,596,648,320,34,331,817,390,673,122,394,510,852,124,870,580,712,103,324,30,57,6,416,49,232,844,415,848,456,111,209,817,914,527,772,740,956,487,868,301,58,240
2014-02-03T17:03:44.941628,528,227,133,211,230,335,724,780,342,308,134,240,393,129,72,462,8,435,209,856,555,807,639,234,951,436,142,384,75,222,193,830,868,610,493,729,234,1002,617,202,389,149,948,988,916,389,493,692,843,155,231,471,196,841,139,818,423,299,720,262,216,434,275,740
2014-02-03T17:03:44.962712,667,691,845,0,650,207,425,772,444,604,992,557,386,294,925,811,1,971,987,872,406,935,615,50,411,630,780,253,827,550,147,906,207,712,744,849,913,647,729,276,248,818,160,499,778,627,451,507,9,60,875,95,146,146,261,687,666,198,837,499,377,206,55,220
2014-02-03T17:03:44.983776,221,37,331,66,703,901,9,374,186,549,847,232,883,347,869,599,884,502,866,909,690,432,133,339,563,177,521,38,615,204,727,852,249,252,562,375,850,692,160,996,518,786,48,333,118,81,467,443,611,566,535,412,9,499,989,690,789,289,694,596,101,392,408,127
2014-02-03T17:03:45.004847,440,976,950,855,464,650,949,571,1013,453,782,696,726,485,18,738,298,667,764,566,122,763,317,871,356,555,862,997,263,28,36,355,131,801,792,42,662,807,172,977,964,831,344,633,227,450,724,829,266,804,926,829,973,953,1013,928,633,1011,859,767,474,807,877,794
2014-02-03T17:03:45.025917,479,234,943,498,573,396,969,518,398,97,1019,905,574,509,756,233,723,44,458,1004,200,378,186,214,907,1019,112,113,655,169,772,82,305,560,784,440,30,742,514,282,1021,747,97,387,152,768,945,435,877,924,742,200,449,984,195,296,949,395,710,534,747,797,978,852
2014-02-03T17:03:45.047002,756,192,45,324,481,1012,614,976,418,124,1014,164,796,1013,766,999,805,151,169,662,265,693,987,3,507,389,274,799,47,744,445,534,676,728,166,836,585,308,381,136,355,975,176,671,77,430,742,701,340,4,906,50,538,1022,379,688,384,896,666,351,400,50,666,297
2014-02-03T17:03:45.068086,218,129,474,157,738,589,746,555,562,276,514,799,737,973,349,865,245,784,135,526,151,5,929,904,735,664,709,595,332,24,904,200,766,295,659,266,472,292,541,134,584,886,178,712,746,362,504,367,871,841,6,134,568,1018,677,858,876,55,84,43,1021,1009,217,206
2014-02-03T17:03:45.089157,906,1013,905,267,790,727,234,951,756,633,975,45,614,980,27,740,371,232,196,621,887,74,459,460,322,562,954,152,357,33,887,484,344,9,166,580,882,517,678,453,712,101,439,639,949,997,728,29,135,774,805,30,218,558,625,737,976,827,215,373,435,737,444,716
2014-02-03T17:03:45.110226,351,739,386,777,167,352,635,39,673,640,965,9,398,470,194,969,867,241,569,868,687,795,677,596,487,657,225,178,260,441,46,355,463,361,931,463,402,726,729,641,574,897,349,396,349,340,149,712,325,431,689,740,75,315,994,707,276,1022,947,978,997,562,371,127
2014-02-03T17:03:45.131295,62,631,72,708,1023,759,224,434,786,1021,540,487,391,849,43,640,92,212,64,497,535,319,641,461,217,717,288,496,765,585,476,166,215,780,824,423,503,716,966,953,32,369,727,849,20,325,833,725,61,527,946,543,934,625,218,249,300,82,641,651,255,50,505,456
2014-02-03T17:03:45.152360,774,118,11,388,108,115,814,93,648,618,838,747,461,959,593,476,512,403,527,1000,716,130,847,234,275,1019,237,407,166,522,338,568,800,169,91,285,504,824,246,954,943,787,700,876,66,240,631,79,860,781,832,219,598,804,980,705,527,417,37,666,971,996,890,200
2014-02-03T17:03:45.173430,330,163,693,454,491,13,765,623,736,754,863,390,32,114,829,452,56,75,813,119,745,962,269,582,240,212,918,350,242,755,5,744,952,112,70,929,921,474,819,89,180,52,3,506,588,11,478,871,797,411,674,802,399,223,187,544,502,602,547,453,505,318,933,1021
2014-02-03T17:03:45.194497,410,530,936,191,659,453,59,52,322,463,385,988,323,408,258,259,117,598,819,0,482,551,592,676,342,854,281,243,482,310,402,565,217,232,894,140,1008,186,685,854,163,437,761,580,8,8,472,967,1022,323,41,423,76,35,1009,912,13,941,778,619,232,1023,331,132
2014-02-03T17:03:45.215575,399,375,699,342,78,197,755,177,842,785,17,9,547,729,177,127,468,709,413,834,385,367,888,948,655,817,842,806,62,144,840,282,310,967,965,1001,284,623,239,570,95,390,769,365,741,641,73,719,985,326,798,673,3,356,1019,957,522,1005,668,642,335,342,359,291
2014-02-03T17:03:45.236642,272,494,161,670,892,937,37,827,716,637,577,158,241,310,238,592,841,452,97,415,243,37,674,388,395,516,642,433,138,119,552,693,993,975,1022,602,406,687,847,660,648,88,663,818,691,38,741,688,423,616,367,907,780,977,596,621,1018,57,69,856,888,489,649,580
2014-02-03T17:03:45.257719,807,815,618,695,973,5,45,500,937,1000,693,180,995,78,379,643,908,544,959,937,361,0,226,680,263,796,103,211,550,406,306,659,436,491,75,792,568,187,421,970,376,856,123,73,483,184,627,270,608,690,918,1000,857,91,591,180,864,21,899,672,182,783,739,550
2014-02-03T17:03:45.278784,54,243,48,549,680,533,596,828,73,66,172,837,644,776,230,435,180,722,906,256,921,897,766,619,515,786,294,127,178,583,557,27,671,3,950,440,102,1021,323,701,504,388,765,878,960,700,877,107,762,356,54,38,912,909,787,804,664,817,696,37,575,320,282,532
2014-02-03T17:03:45.299864,593,355,988,233,940,696,582,310,560,288,118,942,623,1008,70,400,630,267,394,457,600,543,748,655,52,362,277,177,510,173,446,177,907,293,290,909,71,352,680,535,201,365,869,406,518,50,822,708,251,89,43,935,166,205,749,573,247,974,114,481,882,422,835,437
2014-02-03T17:03:45.320938,1003,947,885,134,529,133,121,754,653,275,192,488,493,551,748,188,636,671,618,753,548,41,182,719,188,556,966,435,73,958,539,237,851,17,373,889,23,916,950,339,834,714,560,885,573,927,557,475,48,420,207,220,19,92,582,367,542,718,981,109,165,1009,533,823
2014-02-03T17:03:45.342010,140,90,871,34,731,302,828,651,784,495,138,133,298,331,603,67,411,834,365,178,74,810,988,513,222,42,743,285,140,650,125,482,504,597,538,1014,471,367,49,182,497,610,644,437,597,1004,1007,96,180,254,401,570,147,522,848,1000,831,883,803,401,284,137,321,795
2014-02-03T17:03:45.363099,1005,381,860,39,597,381,265,157,921,373,603,1009,15,504,720,223,822,434,19,700,949,838,475,949,205,383,93,376,480,469,995,966,889,1015,523,432,867,231,365,458,965,1020,417,297,588,345,160,193,375,467,784,603,1010,31,377,905,872,625,588,499,343,101,628,128
2014-02-03T17:03:45.384174,515,58,702,590,322,424,507,964,23,379,825,590,28,868,502,641,231,614,959,448,286,532,895,24,574,624,899,725,89,422,759,997,357,762,58,813,853,648,77,686,153,495,695,904,333,626,342,601,373,230,21,785,653,380,625,55,441,684,778,985,983,678,871,312
2014-02-03T17:03:45.405240,731,648,817,587,217,676,221,536,71,40,440,684,424,894,276,250,364,170,217,206,502,720,554,370,910,788,406,364,388,271,33,321,233,922,104,58,203,231,232,306,525,43,841,132,137,23,443,11,968,246,30,106,364,531,613,143,401,154,992,114,836,22,78,690
2014-02-03T17:03:45.426307,364,21,47,575,84,139,461,975,151,18,954,1008,527,250,17,848,437,729,11,505,152,1005,595,484,770,585,857,578,330,105,848,142,982,252,94,223,772,576,811,60,941,68,223,980,438,879,215,98,685,96,524,857,882,607,164,839,672,531,830,48,901,637,662,1007
2014-02-03T17:03:45.447373,332,14,490,789,805,726,281,329,541,558,366,105,83,124,549,470,118,906,220,19,138,859,973,752,562,78,733,477,279,858,478,609,555,926,149,622,656,283,900,1017,548,231,617,164,424,713,272,886,101,658,76,9,350,985,811,905,829,237,1012,525,812,830,453,623
2014-02-03T17:03:45.468436,561,952,355,815,461,829,577,276,392,695,428,152,18,465,617,328,555,886,870,147,491,493,40,627,850,82,826,799,515,619,555,678,816,846,220,999,347,216,150,40,132,159,944,674,218,287,277,562,140,944,486,344,143,24,730,959,345,870,222,594,40,397,354,788
2014-02-03T17:03:45.489504,569,43,691,153,348,156,617,146,411,804,971,273,169,258,337,228,225,92,320,391,302,1020,689,289,471,140,993,444,971,82,805,277,956,498,880,107,384,452,334,581,984,181,228,273,192,602,893,38,304,169,944,690,958,95,57,109,898,943,836,516,708,593,136,322
2014-02-03T17:03:45.510603,352,279,370,6,601,245,663,884,848,298,397,482,42,890,350,463,711,522,901,780,925,576,389,472,590,952,434,231,921,344,111,626,1018,463,508,734,854,93,18,790,329,25,924,840,119,287,22,628,77,891,954,366,874,425,527,153,280,754,512,782,273,172,1012,841
2014-02-03T17:03:45.531673,214,754,598,999,71,523,10,551,844,402,246,126,316,831,828,672,689,224,242,438,578,1015,773,937,259,683,519,567,538,159,1017,614,663,346,805,297,727,518,892,492,911,218,790,534,733,685,367,379,820,317,581,954,795,978,662,387,728,441,676,432,601,538,472,662
2014-02-03T17:03:45.552738,819,210,641,1020,776,564,902,901,408,864,452,682,835,951,288,619,329,649,103,944,837,19,548,319,124,649,52,795,467,484,341,131,673,646,530,994,746,104,3,473,132,1005,478,285,59,36,627,83,235,677,491,617,197,26,999,267,529,387,544,388,739,601,506,974
2014-02-03T17:03:45.573803,728,381,335,958,842,942,289,146,25,978,681,402,855,317,997,960,848,322,241,976,396,757,34,724,222,474,601,675,40,394,78,277,45,37,344,625,935,544,838,617,713,219,682,426,599,138,225,240,251,14,341,908,997,922,509,656,243,479,744,648,853,429,919,719
2014-02-03T17:03:45.594902,374,130,66,143,118,952,1011,194,161,906,821,468,258,185,770,595,99,957,43,967,154,128,67,44,286,650,886,472,331,1,520,450,705,551,805,615,731,119,625,404,822,667,282,635,688,245,394,874,277,781,549,339,522,815,339,446,313,859,637,174,652,823,942,277
2014-02-03T17:03:45.615985,394,837,374,618,490,47,773,353,361,603,908,920,52,139,557,520,927,530,229,17,151,938,213,450,63,755,875,56,798,470,780,790,282,939,961,139,858,155,550,514,351,287,935,761,539,736,981,749,767,555,426,666,512,593,958,949,230,787,583,729,247,171,868,832
2014-02-03T17:03:45.637072,374,240,476,348,154,523,141,38,2,394,36,111,118,483,786,158,733,908,679,161,629,938,383,620,411,548,579,1017,0,1023,1005,738,176,1015,830,900,248,205,1009,668,114,449,760,856,792,790,51,903,653,291,908,740,489,869,399,32,737,340,335,726,42,584,630,884
2014-02-03T17:03:45.658170,960,882,482,449,608,245,587,471,570,511,240,166,714,84,51,567,377,181,602,818,101,47,699,653,221,658,198,892,509,204,831,284,114,1000,44,791,185,536,393,932,618,361,531,867,713,485,834,504,519,531,573,430,235,238,363,1007,67,931,861,483,997,360,872,700
2014-02-03T17:03:45.679234,346,116,20,833,270,702,511,300,855,496,705,862,754,206,19,909,67,567,416,854,126,666,270,464,167,771,950,925,153,867,144,733,282,393,649,131,829,986,841,703,593,449,550,590,640,521,897,794,12,617,259,816,918,391,579,23,223,61,118,437,238,431,488,996
2014-02-03T17:03:45.700310,600,472,478,419,157,244,231,646,319,491,26,51,429,109,536,430,1019,659,520,602,662,774,0,603,365,474,802,536,859,733,1020,688,935,1007,78,261,89,219,535,527,850,713,86,523,713,977,577,413,750,508,226,257,467,755,708,871,78,240,396,583,946,563,327,669
2014-02-03T17:03:45.721376,939,321,585,353,84,974,1005,980,316,233,34,849,869,89,31,150,695,904,786,625,1018,435,180,50,525,295,410,715,737,133,198,595,293,827,399,120,855,525,340,466,77,224,49,141,700,720,534,995,5,801,841,149,863,1016,730,565,939,475,1003,977,101,38,520,984
2014-02-03T17:03:45.742436,855,991,554,369,415,156,995,384,175,46,603,927,388,936,436,55,387,311,930,748,646,836,83,777,140,912,496,637,979,229,136,628,831,670,758,606,19,532,917,995,914,235,348,1023,254,66,924,644,57,358,9,67,790,807,576,912,234,186,217,510,471,366,332,356
2014-02-03T17:03:45.763493,365,998,221,392,339,874,402,673,783,540,211,695,25,18,977,484,467,428,632,122,566,274,770,665,252,348,506,751,340,435,177,413,311,438,188,72,692,512,899,665,729,101,966,311,871,560,19,157,964,427,320,436,904,238,984,64,241,626,132,637,514,534,1002,71
2014-02-03T17:03:45.784578,516,103,619,298,0,356,506,645,400,300,425,664,732,795,443,3,516,358,394,914,954,90,495,377,237,899,939,615,456,725,346,236,387,155,5,870,496,1023,895,185,583,668,729,476,120,325,128,736,768,859,821,498,486,905,200,689,241,952,983,224,418,899,685,961
2014-02-03T17:03:45.805638,581,204,964,81,997,544,959,341,344,907,477,319,891,222,719,741,641,211,435,1000,914,217,938,36,306,741,685,391,364,908,653,1005,355,198,368,598,147,607,309,870,787,163,473,643,930,554,465,512,967,245,658,943,386,917,372,725,849,931,131,11,408,52,471,615
2014-02-03T17:03:45.826716,730,477,838,511,1018,598,336,596,411,961,376,427,488,266,358,642,225,983,194,528,308,834,5,853,618,155,719,190,367,532,800,136,153,824,50,170,876,702,873,775,729,987,29,443,884,814,978,258,254,679,991,424,890,389,913,120,594,675,269,843,263,989,1016,457
2014-02-03T17:03:45.847780,350,803,612,913,957,809,171,474,439,525,635,52,182,131,990,715,228,679,135,773,52,1020,257,767,313,911,713,864,718,959,808,635,777,329,214,374,105,619,602,925,833,514,872,354,56,226,443,836,568,303,891,406,664,231,387,228,116,460,420,83,775,398,885,691
2014-02-03T17:03:45.869063,747,712,952,320,363,245,889,208,166,417,878,640,992,152,154,109,75,637,929,496,587,677,373,951,881,613,465,573,902,914,1022,416,802,94,1003,780,300,148,468,137,303,358,667,41,278,629,804,911,339,409,636,9,429,285,360,767,496,676,715,846,767,536,34,730
2014-02-03T17:03:45.890764,633,1,836,841,945,1015,312,801,781,496,516,198,88,75,891,647,333,74,547,135,147,378,546,108,686,270,431,1013,172,315,488,196,640,516,939,976,589,355,588,309,691,326,818,618,381,728,195,947,773,296,358,691,547,503,473,160,927,456,957,320,762,171,965,527
2014-02-03T17:03:45.912103,301,165,847,397,901,117,617,1017,516,24,954,936,173,381,1001,509,605,667,1007,462,681,321,405,774,542,937,537,820,19,406,182,941,622,99,593,315,536,985,986,892,448,963,100,993,705,624,586,329,316,271,199,255,962,967,572,507,400,795,211,575,847,602,301,253
2014-02-03T17:03:45.933207,1002,117,233,395,534,276,808,882,1014,718,554,816,332,414,564,279,505,623,674,158,510,174,370,562,23,581,968,445,540,447,358,833,123,780,617,437,409,360,143,510,763,981,1010,459,531,580,616,581,774,353,771,39,272,491,901,287,235,811,1021,402,883,806,10,811
2014-02-03T17:03:45.954342,512,539,557,454,601,839,237,332,386,396,505,985,168,34,885,726,154,27,414,786,843,473,916,392,901,450,608,448,975,900,597,427,225,204,657,514,746,724,251,982,335,516,35,514,251,541,37,391,504,68,592,66,750,717,785,833,630,947,278,662,257,65,117,793
2014-02-03T17:03:45.975445,676,891,208,997,122,25,106,714,425,535,653,468,443,198,121,533,519,361,409,586,670,561,863,441,479,794,530,465,603,419,861,843,882,193,82,144,494,335,729,271,76,377,168,114,627,940,713,427,168,304,696,337,25,406,648,811,759,202,689,98,463,812,156,1014
2014-02-03T17:03:45.996528,562,897,804,234,757,663,144,182,876,392,479,432,302,636,76,101,701,629,710,630,218,672,129,325,810,366,770,581,147,800,211,580,487,1007,1005,288,751,122,163,723,362,415,532,260,905,271,82,707,1019,211,472,782,170,404,273,332,967,340,228,177,111,438,960,302
2014-02-03T17:03:46.017625,28,558,610,948,961,67,78,503,909,14,750,29,762,908,801,246,668,639,249,568,871,59,930,223,755,493,56,610,960,520,837,898,435,336,212,816,958,993,167,265,435,682,632,600,653,703,340,220,809,591,759,764,1020,623,33,177,16,792,703,898,949,597,950,300
2014-02-03T17:03:46.038710,158,1019,640,794,834,687,731,315,962,255,678,751,710,271,911,850,627,774,355,327,691,577,75,651,814,746,279,380,677,815,176,553,672,181,443,496,653,28,199,1010,589,43,1001,3,195,427,372,343,141,738,716,783,670,344,710,891,664,178,322,54,628,539,321,639
2014-02-03T17:03:46.059786,671,248,216,92,437,64,997,847,37,632,309,601,216,435,387,214,567,885,997,158,513,778,621,990,146,395,551,194,451,335,929,242,436,220,980,230,688,1020,602,713,620,415,1000,340,469,515,934,627,131,460,409,93,744,840,335,575,696,802,930,142,211,366,448,607
2014-02-03T17:03:46.080857,1010,777,455,508,721,842,261,143,770,754,394,462,208,49,919,420,914,610,497,428,206,4,8,862,98,479,558,18,635,448,606,5,842,172,669,137,462,1004,780,176,168,91,20,264,202,408,804,741,873,337,166,874,896,239,675,297,564,1010,778,149,414,271,710,380
2014-02-03T17:03:46.101956,826,612,936,55,399,663,734,71,554,257,405,192,7,740,40,508,342,525,387,161,580,70,441,928,606,76,101,470,99,780,748,371,689,886,840,848,284,678,321,231,84,361,370,990,35,356,868,309,288,432,56,857,491,774,206,710,91,95,754,39,678,347,403,282
2014-02-03T17:03:46.123044,261,540,942,173,734,266,482,592,159,101,412,1015,1004,474,510,526,321,399,321,921,443,105,170,705,978,535,128,884,256,7,815,911,350,624,333,438,373,899,855,691,984,344,780,870,204,840,343,661,868,474,1011,190,339,244,218,727,347,671,51,98,885,1011,969,256
2014-02-03T17:03:46.144113,476,474,184,923,900,946,841,376,924,527,687,529,858,355,503,898,247,970,672,371,165,590,444,193,815,508,617,683,151,760,387,886,932,221,402,7,170,500,311,281,468,964,587,781,759,501,39,225,578,13,669,3,947,350,355,803,143,42,956,922,901,969,906,1008
2014-02-03T17:03:46.165203,191,650,495,429,855,264,978,470,208,18,983,52,1014,259,603,346,108,148,625,211,214,269,273,844,923,14,564,102,166,107,443,884,969,666,1020,512,258,330,374,991,993,947,587,750,267,629,880,102,393,887,185,262,55,1021,929,31,953,1015,594,695,152,979,331,747
2014-02-03T17:03:46.186275,863,858,973,631,731,621,15,774,773,94,732,762,477,384,454,436,925,275,819,1006,183,165,290,211,174,746,1022,280,318,537,11,938,11,946,25,13,378,553,597,872,247,466,710,487,681,720,188,337,942,631,606,629,728,954,934,731,226,304,540,831,127,431,194,141
2014-02-03T17:03:46.207375,362,977,558,882,507,185,898,312,222,623,494,819,643,342,165,968,843,511,767,985,819,182,398,441,784,993,609,723,204,902,102,553,477,31,298,290,295,132,502,1004,1011,528,590,300,220,300,945,468,630,668,862,1014,642,597,985,366,983,333,567,684,754,5,884,1002
2014-02-03T17:03:46.228444,211,776,493,236,705,696,565,347,100,311,10,663,96,937,913,564,627,666,493,690,789,265,705,701,738,1022,734,943,445,740,521,707,312,932,278,422,670,505,460,490,866,23,7,5,191,956,379,699,949,629,34,411,324,812,444,532,21,433,594,740,787,984,236,347
2014-02-03T17:03:46.249513,732,631,157,717,839,232,347,998,558,665,442,522,116,845,78,311,916,318,920,61,185,732,664,302,23,337,258,967,528,283,770,711,599,32,273,517,76,720,475,624,773,935,868,174,506,1001,821,803,677,389,713,916,763,710,609,461,584,551,214,1008,487,51,416,492
2014-02-03T17:03:46.270586,308,464,65,862,310,130,374,237,39,465,119,803,233,308,264,750,657,247,953,78,465,244,675,87,545,652,944,942,907,755,558,940,521,827,459,178,579,110,836,121,799,308,142,962,140,87,31,474,794,877,142,238,366,360,184,546,885,606,495,525,714,49,646,863
2014-02-03T17:03:46.291659,660,366,580,39,1014,657,216,202,1015,770,736,25,714,649,717,86,282,17,239,419,1,421,651,971,720,774,83,44,282,960,903,879,225,848,804,708,488,847,399,897,15,253,23,209,950,940,396,681,789,830,849,995,825,41,220,365,168,699,491,430,196,3,884,618
2014-02-03T17:03:46.312757,248,747,835,501,305,75,285,735,765,161,267,138,431,189,579,568,841,311,179,422,857,44,904,675,251,680,8,602,635,920,381,583,456,508,678,854,353,993,999,26,182,759,907,820,1,34,736,989,195,158,113,42,291,78,708,447,177,189,479,644,788,34,400,76
2014-02-03T17:03:46.333843,599,713,984,627,114,789,386,763,585,168,593,233,845,715,696,435,512,645,270,411,276,466,951,82,772,0,667,872,919,101,116,742,251,872,303,1018,212,381,570,670,659,630,579,928,81,434,230,214,845,930,1015,332,75,523,303,669,987,454,779,225,253,727,264,933
2014-02-03T17:03:46.354937,46,741,51,814,910,649,920,164,227,39,717,88,812,412,455,254,376,907,275,805,385,795,842,516,892,37,472,155,807,839,27,939,300,534,801,543,321,379,570,728,562,736,229,449,539,764,148,967,1018,164,303,22,781,528,209,715,226,253,518,621,452,868,965,894
2014-02-03T17:03:46.376005,91,25,122,251,890,893,635,331,899,307,700,317,531,857,89,872,956,15,20,437,136,959,929,287,432,971,957,151,55,786,693,559,786,733,895,739,27,343,264,925,248,230,852,491,618,116,540,361,413,60,677,715,464,358,204,239,925,532,492,395,989,663,548,832
2014-02-03T17:03:46.397081,870,457,57,265,547,10,991,146,102,422,402,816,654,535,536,608,334,13,14,147,711,8,584,442,289,1010,752,397,730,198,326,50,752,208,294,277,815,932,302,574,964,113,893,62,264,956,490,485,581,491,844,722,649,225,395,204,995,1005,500,488,653,587,610,155
2014-02-03T17:03:46.418170,645,973,396,470,534,174,604,687,607,880,879,396,935,377,355,773,493,64,323,623,674,969,374,561,529,237,743,429,4,762,480,911,137,954,368,356,27,109,349,497,578,594,221,707,617,942,675,847,551,265,148,1007,249,226,381,862,266,280,921,1015,49,316,1023,937
2014-02-03T17:03:46.439237,400,992,514,186,17,83,615,506,688,920,239,592,430,889,150,666,935,154,267,925,951,834,757,884,459,802,454,356,222,444,802,402,1013,803,355,451,987,890,12,153,149,730,217,355,870,51,508,205,662,497,279,309,588,189,99,70,37,729,112,456,147,48,40,560
2014-02-03T17:03:46.460363,862,63,762,835,299,917,428,189,459,55,865,793,695,836,540,968,524,454,337,628,925,716,790,801,845,923,381,754,268,814,191,96,63,373,119,31,185,996,988,779,560,769,232,561,168,33,116,954,847,674,922,849,747,260,488,262,596,723,155,61,898,352,524,410
2014-02-03T17:03:46.481453,781,586,735,148,912,810,544,766,243,554,255,498,453,621,345,420,605,294,42,552,106,838,292,829,708,589,802,26,7,767,989,498,194,826,370,374,314,245,211,612,616,773,911,956,583,393,340,950,856,187,978,111,913,447,48,290,673,90,652,342,444,1,663,580
2014-02-03T17:03:46.502526,266,833,637,207,611,582,641,252,15,513,962,880,736,781,732,574,86,410,802,656,444,792,516,44,460,201,1009,133,536,974,553,685,477,484,922,343,643,441,448,388,539,340,981,627,366,223,18,489,871,369,757,461,967,868,236,446,615,326,275,149,386,523,662,790
2014-02-03T17:03:46.523592,578,795,506,164,264,790,558,791,573,939,648,852,67,419,9,457,488,950,427,325,897,629,869,428,517,339,931,867,957,77,41,15,376,778,425,129,236,541,289,506,515,827,409,685,555,259,181,904,143,564,651,858,809,734,969,351,796,925,625,81,589,300,1002,573
2014-02-03T17:03:46.544668,893,601,824,107,118,263,671,380,225,1,890,653,666,898,154,79,479,614,553,44,886,511,1006,462,654,69,29,529,647,787,734,338,521,346,146,84,895,479,645,617,761,406,954,224,746,885,1021,535,516,192,157,880,542,240,782,594,228,148,347,657,774,918,826,545
2014-02-03T17:03:46.565737,0,857,931,3,1022,178,923,227,878,7,900,270,890,453,380,327,249,737,268,71,63,658,332,402,367,820,444,453,136,845,1005,828,63,254,1017,823,446,34,820,48,908,852,291,906,746,798,852,683,765,659,798,173,449,62,865,391,557,777,245,200,401,772,947,94
2014-02-03T17:03:46.586828,629,287,394,979,720,397,368,931,250,954,649,252,407,223,448,247,462,24,1,456,381,172,556,734,773,118,396,858,619,707,563,500,76,24,329,851,212,861,402,741,403,268,429,862,399,664,393,337,978,394,641,777,759,913,196,753,619,974,286,507,400,678,240,550
2014-02-03T17:03:46.607923,705,202,256,268,805,443,587,821,691,599,192,866,643,897,587,211,444,826,39,294,877,387,528,916,249,600,14,830,499,14,239,577,884,254,613,727,427,602,377,307,877,658,29,782,774,309,859,255,362,1005,348,506,835,327,152,739,936,357,408,994,560,386,693,232
2014-02-03T17:03:46.629000,258,539,71,493,983,826,127,459,451,484,389,578,616,45,205,97,341,616,937,282,196,514,433,403,954,96,809,66,574,583,176,492,323,313,285,793,439,293,262,133,340,491,528,392,17,729,7,764,886,706,321,235,975,839,219,1023,699,100,667,160,982,397,834,695
2014-02-03T17:03:46.650076,156,334,978,335,693,627,442,268,977,193,383,832,626,768,124,269,208,372,923,197,668,593,274,347,856,435,933,1017,127,320,51,427,992,73,609,288,216,388,709,416,680,430,825,218,701,677,404,306,274,778,384,706,968,284,594,747,260,953,226,546,748,957,510,393
2014-02-03T17:03:46.671158,457,820,773,346,849,744,580,361,566,762,967,55,926,249,265,668,887,178,116,506,405,877,66,10,799,973,997,22,56,316,856,899,348,67,211,254,280,988,86,926,539,952,210,606,883,149,171,424,135,563,391,185,842,935,191,609,888,701,122,1008,196,298,149,957
2014-02-03T17:03:46.692241,746,855,129,157,384,426,867,130,204,532,356,222,206,41,809,50,697,186,856,978,901,550,43,13,270,5,273,535,1018,685,2,727,426,243,251,750,108,140,133,246,497,371,621,247,950,224,990,938,381,521,427,991,881,11,95,801,950,481,776,554,795,584,581,519
2014-02-03T17:03:46.713317,689,423,177,374,799,171,728,790,809,383,265,346,438,505,543,512,9,318,655,334,326,1008,561,728,470,96,687,226,215,1009,436,620,107,281,53,763,198,607,581,533,165,919,676,445,663,585,860,300,677,877,711,437,644,876,906,400,770,1022,413,592,901,719,940,988
2014-02-03T17:03:46.734387,672,178,160,1011,759,528,641,710,795,298,399,175,825,418,260,86,742,591,104,704,538,283,105,937,101,488,811,174,396,657,751,920,947,946,986,305,804,750,548,251,297,664,655,146,896,479,974,649,798,896,870,216,531,545,70,657,334,939,70,536,497,847,674,182
2014-02-03T17:03:46.755464,56,268,636,298,596,664,322,547,644,703,625,447,226,989,931,118,46,337,492,468,119,2,285,794,443,645,964,16,781,617,748,73,360,754,943,910,266,697,808,46,561,990,630,78,947,134,756,260,521,501,1013,806,39,660,375,612,502,656,432,937,254,431,598,928
2014-02-03T17:03:46.776535,610,261,486,835,7,459,411,789,572,604,820,841,368,412,343,710,1021,994,556,914,248,839,619,7,78,1016,197,233,653,798,579,867,640,19,717,715,610,792,902,605,96,990,1,826,876,284,245,483,215,9,175,403,38,486,550,898,75,311,109,796,751,137,594,697
2014-02-03T17:03:46.797619,856,643,714,517,275,633,506,1005,299,35,786,706,290,762,425,859,278,463,358,525,101,829,219,904,132,436,724,433,181,649,427,21,241,326,355,666,965,387,718,61,771,820,749,428,1022,530,321,444,307,941,1014,896,159,782,806,206,1006,1003,974,153,406,793,533,730
2014-02-03T17:03:46.818682,617,777,222,440,749,615,979,791,485,831,425,843,828,463,355,44,546,387,679,637,408,808,746,598,785,651,793,501,763,261,743,750,168,127,258,692,130,568,818,687,857,238,751,897,61,359,233,538,858,223,894,94,1014,388,762,889,565,976,116,769,624,378,941,994
2014-02-03T17:03:46.839751,382,312,821,803,131,967,115,811,662,83,688,624,124,1009,605,107,859,249,915,594,590,548,251,767,721,109,939,537,629,196,451,229,803,40,950,57,546,575,386,617,522,895,129,279,315,107,952,212,572,660,380,313,76,811,365,81,789,241,631,480,770,298,8,763
2014-02-03T17:03:46.860821,112,509,407,932,180,539,981,290,491,20,737,867,850,930,532,23,859,26,27,508,669,389,92,680,378,222,788,792,535,466,372,441,75,727,34,110,539,598,86,549,973,570,871,387,793,65,554,924,551,431,464,790,600,651,616,490,234,950,935,449,629,799,780,961
2014-02-03T17:03:46.881896,842,326,724,470,125,4,96,949,162,122,950,870,296,104,882,480,485,257,52,381,338,222,205,254,960,948,440,544,1005,604,824,900,799,178,593,242,515,773,416,440,274,580,682,234,345,523,518,73,54,413,912,953,667,750,760,982,181,113,8,575,721,38,47,738
2014-02-03T17:03:46.902991,653,870,962,471,609,627,573,27,697,0,205,568,1014,540,352,891,291,356,881,149,80,534,566,636,394,998,461,63,524,529,140,513,496,564,50,333,848,222,495,552,957,350,382,417,8,540,150,378,708,971,879,558,9,831,853,370,317,568,156,772,655,435,307,557
2014-02-03T17:03:46.924083,108,476,985,593,718,544,243,290,216,82,447,867,808,172,298,40,318,352,384,558,86,293,572,691,376,312,519,864,437,864,51,542,455,113,459,317,162,817,443,503,394,451,957,1005,1002,558,85,850,810,981,8,361,241,986,718,303,755,630,214,488,68,372,209,772
2014-02-03T17:03:46.945156,429,49,787,919,205,969,510,916,323,320,807,676,435,145,526,831,421,371,626,439,304,582,237,255,640,894,358,927,941,318,296,416,852,461,112,135,660,582,941,582,1015,129,860,28,989,1018,687,540,825,429,90,125,144,890,761,875,981,664,702,1004,577,229,904,10
2014-02-03T17:03:46.966223,953,803,438,927,877,251,350,202,696,366,80,606,59,355,57,721,956,744,530,673,270,756,662,366,261,765,272,757,834,1011,581,663,622,880,836,661,1001,137,170,313,202,957,270,13,84,164,571,484,571,704,154,527,356,564,733,194,18,164,83,425,368,354,995,878
2014-02-03T17:03:46.987291,891,85,554,174,332,583,626,975,422,677,362,140,124,511,895,301,29,401,43,990,669,410,84,644,161,293,374,846,42,722,438,1020,634,415,310,886,736,818,449,526,260,325,544,270,38,149,779,714,357,805,996,420,485,340,327,182,114,134,23,907,1008,386,827,762
2014-02-03T17:03:47.008361,38,14,167,301,904,597,845,416,225,540,665,187,43,947,888,285,755,88,570,288,484,943,575,379,963,420,650,579,990,609,453,772,425,794,398,435,524,266,712,289,330,58,502,840,869,591,364,542,793,820,786,553,999,995,474,841,507,620,32,644,7,441,479,641
2014-02-03T17:03:47.029426,620,125,514,758,495,363,497,456,372,498,889,837,916,372,674,1014,195,672,999,638,984,922,934,555,651,462,18,850,8,939,187,249,329,482,338,910,729,221,866,507,218,224,1015,997,990,434,759,975,214,540,533,112,249,187,507,817,906,443,268,735,517,564,486,135
2014-02-03T17:03:47.050500,588,283,207,191,612,804,217,727,181,525,778,957,574,393,587,1,832,241,462,857,477,191,542,295,16,189,76,678,428,731,641,986,870,480,441,738,697,631,801,279,626,872,485,415,185,748,385,815,343,301,436,1021,590,481,943,785,95,218,546,406,377,263,124,844
2014-02-03T17:03:47.071570,597,691,751,531,597,424,191,562,668,56,82,603,456,656,896,808,989,975,258,794,742,862,140,492,688,952,686,114,32,224,699,324,802,66,522,290,814,539,586,790,964,563,799,681,96,113,543,736,649,668,540,32,409,974,642,177,901,992,879,3,472,467,1020,414
2014-02-03T17:03:47.092640,790,925,542,377,114,759,26,480,405,395,239,136,75,590,806,655,722,15,388,479,527,188,591,864,170,152,336,635,579,420,714,29,586,376,751,899,236,485,515,623,697,435,194,254,712,503,519,666,517,120,692,917,434,61,239,384,990,690,2,558,606,468,265,119
2014-02-03T17:03:47.114286,630,727,159,767,392,278,574,698,61,310,442,329,168,520,397,217,546,504,844,684,61,407,315,284,225,274,910,686,960,13,400,341,149,565,506,269,420,183,803,489,124,27,184,842,216,36,794,755,33,542,539,193,155,43,952,37,33,28,779,299,860,961,692,925
2014-02-03T17:03:47.135396,349,249,698,304,164,76,88,74,682,916,684,854,792,785,297,363,164,691,185,731,956,953,929,887,668,976,702,82,613,49,772,115,87,330,31,24,728,861,715,595,501,883,320,706,933,339,207,339,339,1023,220,989,161,280,109,332,968,788,204,306,496,682,837,846
2014-02-03T17:03:47.156476,787,27,1004,1002,294,709,1023,587,343,894,792,468,486,110,132,637,210,474,639,294,469,1014,946,918,912,110,864,213,867,115,932,896,208,1008,319,111,676,27,351,757,69,969,438,454,158,631,394,676,0,536,937,254,431,425,696,106,845,603,398,658,711,970,95,328
2014-02-03T17:03:47.177566,507,308,558,60,188,1019,430,562,940,958,656,355,143,326,213,424,633,83,629,205,948,334,185,644,221,440,447,534,1002,31,806,50,179,425,315,195,685,267,629,684,450,947,245,853,633,582,590,19,70,643,968,844,274,950,494,584,999,210,984,236,126,895,302,421
2014-02-03T17:03:47.198642,386,618,364,689,560,971,689,154,13,307,488,795,715,20,999,392,615,802,166,620,1020,89,873,706,1020,461,388,543,918,68,87,763,263,551,271,79,397,693,607,706,779,245,789,239,55,246,207,141,11,831,292,14,10,83,973,814,278,125,468,785,1019,855,213,528
2014-02-03T17:03:47.219722,43,289,648,834,468,364,884,336,313,539,89,290,842,191,867,389,663,496,812,428,972,147,987,572,450,823,187,734,686,869,760,945,69,778,777,469,65,476,469,898,539,626,792,573,855,882,985,566,669,43,767,534,222,618,257,774,528,416,741,933,824,518,853,917
2014-02-03T17:03:47.240796,350,409,636,453,535,848,1011,582,191,544,363,198,612,100,821,55,466,387,699,335,644,41,538,468,507,364,411,362,390,580,558,906,223,649,944,504,438,638,288,703,522,371,65,558,595,338,189,22,93,554,8,656,918,751,939,238,813,228,268,815,414,974,312,791
2014-02-03T17:03:47.261897,329,277,42,630,189,122,5,697,976,345,77,176,149,393,546,495,427,918,350,13,84,210,337,808,585,509,538,339,650,295,354,936,889,276,560,627,133,465,963,806,755,670,198,978,92,849,245,959,836,24,929,249,970,120,273,151,500,1001,618,986,496,304,610,267
2014-02-03T17:03:47.282966,777,396,745,704,143,488,220,667,86,698,815,893,677,235,741,206,354,800,994,497,820,525,806,329,427,988,891,478,834,122,964,153,67,344,79,33,39,982,642,426,591,729,353,234,365,578,302,296,194,61,153,876,468,458,710,462,214,337,913,413,447,371,217,507
2014-02-03T17:03:47.304029,373,235,945,178,25,231,893,965,960,69,390,355,693,204,943,221,784,793,424,753,451,1015,940,1007,750,158,90,258,952,742,251,497,865,2,12,309,62,979,149,277,777,855,1016,479,709,200,683,107,716,346,541,11,225,27,951,917,411,667,723,408,762,142,446,416
2014-02-03T17:03:47.325314,347,57,10,918,960,483,369,550,892,467,199,55,428,315,390,639,273,340,748,405,568,953,588,118,346,687,973,86,379,213,326,898,799,302,595,846,701,944,470,458,344,424,887,650,82,923,271,943,869,399,683,383,568,406,438,21,562,288,417,145,928,614,54,534
2014-02-03T17:03:47.346414,918,423,854,8,59,731,505,998,218,668,764,531,390,269,705,629,804,162,828,350,400,284,453,465,228,929,712,645,403,505,393,906,415,139,279,399,570,204,461,955,163,179,431,48,703,359,946,305,340,291,591,178,401,801,468,626,31,500,779,511,995,1019,556,860
2014-02-03T17:03:47.367497,917,596,524,1019,578,994,42,707,957,65,570,751,526,30,215,923,251,79,33,21,152,847,21,29,309,995,868,220,318,111,84,560,842,845,719,512,622,832,951,821,18,724,253,483,247,263,987,812,397,236,633,184,960,76,234,42,886,276,87,792,727,729,846,901
2014-02-03T17:03:47.388587,865,12,160,856,636,899,767,1014,546,639,917,669,514,352,118,3,143,662,682,928,604,1002,71,509,14,559,870,379,894,747,395,624,780,97,556,261,465,379,904,358,385,603,136,276,745,648,846,962,27,686,422,907,783,452,264,834,751,694,519,416,445,889,192,618
2014-02-03T17:03:47.409701,903,437,283,100,152,432,973,229,751,476,40,108,323,338,428,349,641,258,978,750,951,920,24,111,473,899,279,32,368,21,158,698,84,477,296,200,637,229,293,33,334,561,386,302,786,67,958,367,5,167,403,342,340,319,476,1009,646,574,825,659,428,699,878,407
2014-02-03T17:03:47.430762,65,686,434,189,896,599,246,770,163,357,475,37,1005,197,820,595,644,620,828,993,830,977,402,620,769,799,454,846,346,449,992,758,219,675,201,605,50,726,741,1019,650,433,185,764,668,423,877,424,153,200,639,849,775,318,94,684,811,287,133,231,315,907,999,511
2014-02-03T17:03:47.451823,950,855,586,931,427,65,801,616,524,95,517,37,636,556,47,99,158,237,514,497,207,890,46,918,760,404,132,326,212,425,247,485,800,578,524,534,249,813,790,804,585,67,583,778,804,14,996,933,260,771,474,996,763,563,436,332,288,548,106,974,854,638,571,759
2014-02-03T17:03:47.472910,1023,490,13,406,107,927,796,669,1003,433,348,281,98,728,870,777,161,343,583,631,448,343,522,4,685,970,695,768,566,434,457,545,430,617,45,827,847,579,285,858,190,691,402,666,14,14,554,834,199,20,420,705,327,994,401,169,202,261,873,585,1014,902,700,249
2014-02-03T17:03:47.493972,508,229,356,876,442,45,475,160,783,928,780,273,678,759,751,816,233,321,468,212,140,423,723,605,272,1023,172,702,16,89,484,450,151,824,869,749,463,315,890,355,384,578,172,837,658,162,413,417,992,163,592,869,969,963,603,809,831,252,174,56,873,321,936,705
2014-02-03T17:03:47.515045,989,346,277,721,616,756,901,994,184,35,957,790,146,271,227,890,734,436,590,371,467,647,883,858,846,865,188,72,119,66,100,526,537,487,770,91,252,519,414,91,591,375,574,368,15,802,479,807,29,524,657,327,1023,176,873,55,413,436,973,269,123,509,212,690
2014-02-03T17:03:47.536225,245,421,893,543,621,14,146,223,146,314,515,878,585,999,824,472,865,385,726,208,316,622,598,831,440,388,172,988,649,177,145,786,491,188,397,756,411,1010,628,84,952,430,481,439,873,306,378,1006,203,96,909,917,46,828,1022,699,608,720,461,636,1018,863,704,35
2014-02-03T17:03:47.557365,981,154,144,596,895,721,1011,399,803,791,263,228,444,574,233,472,350,294,459,801,331,935,408,545,932,17,784,740,31,201,744,846,340,607,19,535,223,408,736,159,768,345,681,152,722,291,514,706,583,58,94,375,78,679,637,834,774,414,474,782,310,476,239,519
2014-02-03T17:03:47.578494,144,823,968,1010,655,247,849,973,539,26,271,632,531,442,174,403,755,446,104,993,416,486,551,791,783,950,627,23,537,288,401,759,497,631,461,481,258,1005,479,520,172,130,42,190,61,91,897,680,385,67,593,707,805,343,350,653,868,1009,176,497,454,456,582,691
2014-02-03T17:03:47.599606,202,889,889,874,198,603,498,753,856,824,695,621,40,459,584,409,696,630,143,75,610,731,180,347,443,593,231,473,852,820,106,328,573,318,773,119,111,785,483,111,445,207,991,285,37,13,680,611,748,462,9,471,800,463,539,774,154,665,496,468,15,964,748,980
2014-02-03T17:03:47.620703,866,160,249,215,811,26,917,711,166,984,640,59,966,403,862,9,825,856,311,395,113,793,632,64,588,578,695,915,746,1006,216,111,324,525,117,451,37,92,12,289,415,604,273,10,634,713,290,753,750,337,779,101,546,1017,616,294,21,486,810,450,357,408,567,985
2014-02-03T17:03:47.641782,995,522,20,872,702,673,174,426,19,948,604,639,44,344,379,271,846,985,900,435,799,201,539,210,658,900,34,108,479,555,281,82,280,139,127,668,736,385,34,103,242,934,543,153,16,40,839,487,654,868,814,67,554,143,956,126,779,110,155,933,549,31,197,320
2014-02-03T17:03:47.662887,244,649,749,740,377,372,89,981,807,888,45,979,507,141,734,999,443,473,276,263,561,769,140,662,948,932,937,508,698,422,925,713,128,29,273,502,928,13,151,525,682,24,655,962,715,724,297,618,346,25,1,790,184,774,903,798,599,897,943,285,117,277,245,314
2014-02-03T17:03:47.683987,697,488,553,716,183,79,477,132,728,528,268,231,414,596,798,285,611,483,471,90,879,44,129,212,196,263,500,137,498,41,744,804,142,557,198,881,763,584,923,672,441,422,935,711,305,441,814,231,669,476,466,163,612,451,995,954,78,905,589,83,25,660,621,322
2014-02-03T17:03:47.705086,783,527,638,817,932,652,670,633,447,910,328,534,792,1021,86,545,519,337,650,769,317,767,822,71,590,129,699,847,727,0,700,167,174,385,198,162,401,984,971,465,566,100,986,263,77,239,362,325,264,427,996,918,383,943,144,540,180,60,918,22,349,424,529,707
2014-02-03T17:03:47.726180,771,641,57,178,398,919,23,924,804,836,926,613,626,447,742,426,881,193,57,402,393,618,960,238,743,216,638,42,401,819,601,721,89,796,907,988,512,899,623,142,122,814,916,862,102,309,775,380,471,905,990,223,528,822,40,209,36,909,542,731,846,433,424,543
2014-02-03T17:03:47.747266,451,76,465,24,817,579,367,501,657,654,537,585,7,524,977,645,992,165,593,77,879,130,805,978,48,284,735,347,744,47,942,441,686,164,839,231,849,949,977,789,475,671,159,434,671,699,40,253,324,911,674,536,48,953,579,913,998,112,817,811,359,95,785,205
2014-02-03T17:03:47.768331,831,979,867,307,347,960,763,953,84,600,274,753,529,230,989,842,30,85,559,98,243,915,859,1022,824,209,530,600,293,272,764,86,669,47,263,667,798,381,693,671,23,180,238,17,546,60,209,842,247,962,17,779,890,263,822,396,0,385,614,181,2,276,689,410
2014-02-03T17:03:47.789419,770,897,39,587,229,299,193,867,336,159,565,469,305,518,523,828,724,159,156,990,667,657,911,150,777,970,909,339,569,181,462,519,649,35,203,917,694,230,7,757,690,426,129,451,784,950,39,150,263,98,641,356,898,272,782,583,266,959,958,577,222,844,416,443
2014-02-03T17:03:47.810515,278,713,258,639,6,540,793,330,561,884,326,826,569,748,145,158,98,158,578,952,897,785,80,466,437,655,687,1020,525,683,450,921,642,873,719,376,212,746,780,215,433,705,715,54,1006,633,308,294,612,737,210,799,342,558,286,403,913,17,982,160,923,342,920,946
2014-02-03T17:03:47.831601,383,805,784,67,326,665,756,111,656,80,149,936,122,7,842,146,656,288,605,737,731,947,435,215,314,916,572,731,896,184,351,353,707,340,563,637,41,432,1007,864,1015,470,324,158,782,57,121,837,722,141,41,117,939,830,349,709,181,566,527,939,194,709,750,681
2014-02-03T17:03:47.852693,91,143,880,642,895,880,608,164,893,495,334,57,448,375,209,584,844,814,583,322,553,457,108,763,59,131,631,826,426,696,225,233,19,114,129,570,129,90,972,908,37,339,890,749,677,735,587,819,269,808,534,527,35,311,735,992,193,847,169,153,517,329,966,776
2014-02-03T17:03:47.873824,231,683,994,412,272,683,968,876,933,486,239,156,319,47,490,935,422,387,711,222,983,790,191,645,763,728,536,203,538,892,513,801,975,442,200,390,756,989,761,848,511,199,938,405,613,776,1021,956,26,684,390,930,147,572,616,843,146,175,461,863,264,769,272,969
2014-02-03T17:03:47.894907,296,489,65,662,940,57,1000,412,412,674,353,487,303,675,987,29,664,865,830,833,569,761,950,179,959,73,105,558,696,429,519,330,843,240,61,774,834,70,923,908,921,903,441,218,328,215,1019,19,277,302,94,7,359,597,650,1011,565,726,455,479,570,231,1002,703
2014-02-03T17:03:47.916886,2,765,421,463,360,785,324,707,547,265,977,874,806,118,625,460,791,760,109,609,939,907,829,912,889,620,244,798,887,832,676,671,427,443,129,423,873,508,512,147,511,906,189,532,34,308,109,621,907,869,188,680,587,571,511,531,579,622,251,431,6,735,675,62
2014-02-03T17:03:47.938754,554,916,422,393,986,389,164,343,515,660,206,1006,580,813,459,887,703,9,238,17,845,986,170,637,598,76,1021,628,155,663,808,437,988,613,808,675,4,1006,690,1,692,912,492,821,303,349,232,830,103,287,63,334,260,269,136,980,372,434,876,912,662,743,708,493
2014-02-03T17:03:47.959813,203,708,643,499,913,918,888,494,114,398,536,982,698,833,561,756,519,352,565,590,651,483,400,581,771,298,731,579,865,505,703,726,491,40,1010,770,970,497,638,908,684,991,564,137,263,200,105,327,221,143,0,309,116,287,886,453,257,231,452,260,705,778,333,160
2014-02-03T17:03:47.980871,777,453,932,528,719,887,343,165,874,289,179,934,926,21,938,899,51,1016,270,870,1011,615,548,324,755,30,421,3,720,996,571,204,925,609,516,336,624,285,357,500,1016,203,8,81,988,960,422,367,1019,790,427,201,390,7,136,419,173,898,618,136,42,958,301,214
2014-02-03T17:03:48.001948,847,104,94,702,711,660,270,214,78,883,958,463,402,509,694,73,806,948,75,927,116,612,384,819,1023,996,24,958,918,963,956,381,750,55,686,791,834,407,181,70,787,417,380,156,633,673,75,979,554,679,353,236,699,32,142,939,624,627,710,620,862,267,354,621
2014-02-03T17:03:48.023024,657,485,421,708,139,1018,899,230,980,929,915,664,357,482,865,943,638,704,646,639,964,96,922,738,944,61,648,135,957,346,127,45,465,608,552,717,400,612,435,8,606,513,827,446,101,553,398,414,943,723,963,602,122,833,100,87,269,661,489,421,189,445,551,98
2014-02-03T17:03:48.044092,422,996,980,961,914,951,325,321,618,478,845,814,403,83,30,543,910,456,916,80,956,265,388,524,971,19,422,223,6,682,647,710,808,45,507,547,9,78,127,465,81,693,454,672,277,403,136,181,177,406,251,60,655,233,311,345,706,397,629,411,412,926,522,374
2014-02-03T17:03:48.065255,617,503,228,959,858,31,1002,30,275,838,793,612,457,97,574,72,62,435,471,195,791,546,581,87,252,353,233,840,1017,147,631,765,596,86,239,715,840,385,969,500,756,630,512,249,127,755,699,996,862,471,515,882,569,364,868,447,829,785,965,437,527,355,613,813
2014-02-03T17:03:48.086390,942,327,167,621,163,752,492,243,898,259,650,209,972,841,20,554,544,911,966,616,554,635,252,713,341,883,244,287,699,1016,226,787,508,735,283,637,293,1019,591,347,794,565,934,286,505,12,192,390,832,775,538,150,341,285,980,677,232,207,254,612,568,915,859,309
2014-02-03T17:03:48.107498,341,488,96,734,761,976,978,166,83,513,21,35,465,116,6,117,618,114,553,947,525,762,383,258,1,734,762,800,199,47,58,482,460,55,760,461,404,923,534,197,307,493,273,579,582,4,842,992,708,17,24,506,911,310,842,864,680,835,868,85,915,17,236,620
2014-02-03T17:03:48.128703,210,401,933,797,224,931,226,303,609,351,891,449,5,926,937,394,915,666,603,292,200,698,490,124,20,743,697,488,750,532,331,825,822,151,205,393,468,754,1011,519,483,365,807,691,866,783,212,525,51,56,663,949,53,472,701,858,864,641,315,60,255,527,623,380
2014-02-03T17:03:48.149804,362,526,11,608,42,721,351,202,436,543,567,337,646,236,78,45,989,760,191,85,622,515,19,403,182,522,140,491,537,943,224,683,856,580,967,981,247,649,121,361,767,152,97,187,75,356,935,225,355,447,585,734,1014,950,79,956,31,58,648,923,215,8,635,303
2014-02-03T17:03:48.170901,168,1007,637,741,42,576,831,144,435,557,860,370,946,142,703,928,683,426,190,235,56,756,806,721,632,352,770,384,600,838,720,777,438,762,359,728,3,439,750,729,907,77,763,622,800,222,510,276,596,190,420,312,984,640,728,669,470,193,530,769,218,845,436,852
2014-02-03T17:03:48.191981,450,105,917,563,772,615,983,604,759,308,158,466,731,281,713,272,63,325,443,245,729,909,292,201,573,46,24,748,18,786,584,693,722,960,912,807,788,484,412,365,236,385,978,688,621,982,548,58,349,863,317,748,689,796,539,234,244,785,1007,17,971,131,391,646
2014-02-03T17:03:48.213076,139,594,183,160,874,570,725,945,897,320,751,401,879,729,62,808,966,354,1,231,67,481,580,595,749,25,853,40,396,361,194,456,64,529,562,973,753,625,670,451,244,10,879,958,653,740,477,839,393,903,137,336,598,365,730,881,798,480,119,567,773,779,190,1000
2014-02-03T17:03:48.234166,611,324,649,473,223,484,245,153,800,804,485,480,542,848,586,420,136,547,616,117,501,722,452,109,923,154,909,797,500,919,403,48,388,999,561,794,52,124,879,158,828,199,399,598,588,727,950,789,127,781,819,1009,530,139,531,653,768,205,217,511,312,150,762,707
2014-02-03T17:03:48.255234,476,49,841,967,335,129,827,959,380,143,443,628,818,977,371,988,660,690,911,183,259,389,753,872,709,194,585,984,1014,510,796,182,944,983,603,61,893,151,801,278,118,1023,78,776,203,337,404,521,146,148,70,352,696,129,196,403,801,675,923,265,201,782,514,917
2014-02-03T17:03:48.276311,82,40,144,681,310,474,492,321,963,278,61,381,681,247,449,623,179,991,318,673,839,754,534,246,104,949,759,41,209,797,1022,924,426,950,263,493,762,404,778,754,323,951,284,849,304,780,684,851,682,714,317,989,599,665,487,784,601,44,271,244,356,183,532,998
2014-02-03T17:03:48.297400,243,548,919,337,359,881,799,186,418,410,167,127,363,933,261,622,31,66,142,453,358,171,560,398,127,941,468,161,227,577,173,442,10,445,35,88,307,447,306,61,250,32,825,465,659,243,252,693,698,314,726,78,717,201,952,346,678,644,267,463,967,852,38,140
2014-02-03T17:03:48.318469,765,843,107,976,170,774,974,965,789,996,222,499,864,348,299,283,300,2,17,535,567,1,778,348,48,58,303,43,539,100,916,87,20,651,789,89,769,371,311,1016,561,96,187,826,336,458,147,716,97,732,140,53,567,780,325,882,659,2,608,845,549,765,143,64
2014-02-03T17:03:48.339542,646,904,909,878,857,716,765,694,456,575,647,544,905,685,621,899,127,8,64,840,197,182,134,17,861,545,758,285,862,494,470,981,916,745,20,73,349,874,879,1023,648,504,991,646,937,540,37,858,889,781,9,118,671,179,272,253,397,609,112,36,121,753,646,3
2014-02-03T17:03:48.360609,128,491,159,486,91,181,244,654,532,128,790,853,870,173,350,47,788,10,80,643,416,87,5,889,503,352,987,170,1013,674,48,949,788,974,533,289,883,842,456,8,466,982,592,311,751,549,394,727,985,31,445,1,830,653,447,957,30,321,908,146,525,153,628,627
2014-02-03T17:03:48.381698,491,712,829,805,60,289,49,172,78,793,392,661,84,811,1009,43,464,191,710,579,792,633,924,1015,935,139,80,260,933,118,1018,366,830,839,790,682,492,113,367,249,353,445,474,927,26,828,508,422,860,461,180,840,379,249,766,696,332,940,8,286,756,47,901,539
2014-02-03T17:03:48.402781,918,457,285,742,428,873,818,878,369,605,93,798,486,750,563,583,610,167,191,11,592,9,220,440,796,502,538,1007,404,464,756,413,293,716,812,858,88,896,626,72,696,871,849,873,96,732,220,893,849,335,639,875,921,702,672,130,951,869,972,511,133,679,358,458
2014-02-03T17:03:48.423878,722,955,404,760,162,73,710,137,611,542,1020,413,156,948,1004,542,161,668,595,438,427,889,783,416,623,798,673,27,371,533,261,785,821,895,304,39,524,407,444,177,138,902,186,303,1003,400,65,345,990,94,448,51,126,151,304,14,2,765,851,626,638,94,2,953
2014-02-03T17:03:48.444960,483,536,528,647,519,663,641,893,526,443,877,820,304,348,716,558,750,226,591,63,882,831,173,69,996,261,820,744,209,312,660,989,18,437,179,141,959,474,406,938,631,660,283,899,710,997,562,644,529,313,446,247,330,192,22,20,497,884,562,447,386,436,442,686
2014-02-03T17:03:48.466050,368,333,879,50,849,282,894,831,868,0,694,401,824,757,701,536,871,568,3,319,627,368,675,369,633,103,170,908,1021,486,399,874,929,968,537,664,513,186,115,697,112,362,298,508,333,1023,352,614,919,174,198,291,1022,940,394,564,15,364,877,65,696,776,425,91
2014-02-03T17:03:48.487220,360,924,420,333,585,100,911,52,198,650,549,227,906,578,53,812,292,943,654,670,226,788,115,304,895,409,377,506,415,984,297,870,162,970,1007,352,895,973,1019,581,30,878,839,910,230,1007,21,52,774,78,528,137,444,254,828,81,224,991,775,715,837,179,160,77
2014-02-03T17:03:48.508354,885,633,23,761,650,1010,447,148,439,332,61,667,330,781,324,451,178,722,74,210,541,1022,450,792,689,802,102,418,775,177,564,392,961,271,475,702,43,817,618,318,492,326,103,705,802,303,540,360,686,901,576,183,759,505,911,984,612,940,471,668,88,680,558,358
2014-02-03T17:03:48.529477,776,342,103,279,425,343,305,860,129,35,357,667,429,1001,193,663,591,89,625,395,603,108,269,6,543,766,535,283,771,453,39,1008,573,73,583,286,313,931,878,283,495,704,830,486,888,362,635,117,392,628,908,900,30,238,204,504,284,612,703,244,926,386,777,369
2014-02-03T17:03:48.550555,775,411,875,722,600,741,490,693,293,351,883,12,277,808,335,651,299,428,715,670,89,382,242,602,517,924,89,956,625,551,907,810,375,751,609,137,625,696,165,957,945,225,826,403,783,30,935,828,664,79,232,681,570,344,125,597,52,524,931,55,279,381,227,536
2014-02-03T17:03:48.571667,582,556,40,685,223,530,955,210,279,960,629,62,362,448,796,972,628,435,346,448,877,925,992,33,945,174,636,573,640,424,945,627,563,670,336,63,268,266,628,251,860,934,568,366,369,1021,849,557,850,285,670,365,653,756,51,2,137,469,455,169,630,310,450,981
2014-02-03T17:03:48.592755,327,228,405,867,387,863,703,231,385,1019,505,870,388,813,482,15,677,21,600,723,433,878,155,183,500,348,339,707,401,220,873,221,909,812,488,973,286,256,134,795,840,60,364,133,323,746,278,510,778,856,45,810,156,510,949,631,820,929,56,889,719,804,336,631
2014-02-03T17:03:48.613857,308,22,915,813,173,818,624,628,902,495,801,889,12,756,821,852,1006,236,21,842,363,610,670,330,813,154,603,862,950,303,40,451,157,405,70,792,788,0,391,397,28,773,562,799,615,943,713,1007,852,156,565,202,122,5,25,125,944,415,697,179,965,264,348,530
2014-02-03T17:03:48.634948,237,984,113,586,492,550,89,306,296,724,113,981,460,401,86,920,553,313,28,867,59,625,925,618,703,265,1012,966,11,742,333,68,305,1018,984,48,300,711,358,287,652,977,847,708,863,663,187,347,601,472,538,634,826,946,16,556,635,248,331,594,950,104,296,939
2014-02-03T17:03:48.656045,166,990,392,748,395,111,181,834,130,149,389,660,526,58,615,884,500,746,675,0,222,565,427,719,628,436,688,892,531,805,595,378,324,384,701,914,779,54,511,734,596,187,331,935,621,987,746,217,775,649,421,734,769,635,0,643,408,9,170,755,621,816,774,390
2014-02-03T17:03:48.677149,294,145,405,718,734,977,231,316,897,405,180,950,245,226,53,110,752,741,6,761,835,162,184,99,419,403,588,804,902,513,408,114,898,991,704,944,783,330,952,948,650,159,854,104,397,499,393,158,38,761,273,89,775,931,555,44,564,592,179,903,9,188,389,164
2014-02-03T17:03:48.698241,297,467,949,87,220,886,208,968,411,682,838,975,263,202,579,316,61,769,107,669,918,264,966,438,7,539,531,578,202,81,819,420,893,710,176,302,390,658,811,891,251,509,82,642,478,564,651,412,345,19,755,972,125,377,652,528,839,828,338,520,369,374,156,425
2014-02-03T17:03:48.719334,351,744,758,609,452,136,981,842,486,794,66,983,561,348,584,1000,819,428,503,835,265,814,180,366,192,527,240,529,948,689,770,915,899,868,482,1022,215,522,876,570,352,68,855,792,713,924,121,893,43,337,788,121,740,248,746,952,405,313,128,589,683,198,767,480
2014-02-03T17:03:48.740414,92,643,405,772,107,981,59,940,416,501,159,310,91,96,580,568,572,987,105,485,138,431,481,270,992,692,891,396,334,126,330,942,1,726,437,661,564,974,817,550,998,295,727,669,1006,827,199,1004,6,264,610,379,726,389,438,122,226,432,880,380,173,331,678,412
2014-02-03T17:03:48.761510,49,674,335,36,411,854,166,255,551,151,230,731,837,24,456,109,289,972,752,96,160,553,512,92,232,127,578,208,896,950,393,757,596,449,79,246,825,393,391,356,573,702,345,35,348,43,576,381,175,214,184,466,225,972,655,614,438,1015,323,623,643,348,281,885
2014-02-03T17:03:48.782609,388,277,33,166,375,268,110,695,451,164,821,152,848,1004,436,481,593,678,376,498,766,618,606,348,639,505,264,974,766,576,705,234,390,423,969,714,569,884,631,524,303,634,587,625,586,312,915,923,734,802,711,386,783,471,899,880,366,1019,904,543,750,604,266,763
2014-02-03T17:03:48.803687,133,188,388,96,224,600,234,76,141,367,665,364,620,723,261,153,317,156,24,922,204,479,508,189,821,555,812,798,950,967,842,178,197,272,784,971,906,332,524,1005,712,344,593,454,687,763,387,909,535,588,858,143,8,107,144,587,81,75,868,650,95,53,887,94
2014-02-03T17:03:48.824768,765,100,696,473,132,161,989,690,687,815,623,737,682,769,450,989,354,45,662,118,881,332,5,791,181,1010,1019,108,85,325,552,812,540,605,785,152,59,514,312,603,571,197,605,95,828,961,920,745,913,207,64,641,216,618,205,257,746,474,376,611,369,866,438,282
2014-02-03T17:03:48.845837,274,768,1012,303,419,317,734,798,463,757,661,1001,244,556,477,736,753,812,414,290,87,126,262,217,820,30,42,945,62,149,740,381,665,923,478,997,477,629,978,298,705,206,128,627,453,716,335,11,112,267,672,1,982,153,620,466,881,439,804,821,69,385,509,647
2014-02-03T17:03:48.866911,540,244,52,438,131,422,201,638,882,294,452,720,600,223,486,552,873,367,637,522,539,605,120,848,530,138,494,634,69,282,405,116,442,404,162,332,346,286,555,918,465,1001,782,32,455,225,10,66,194,90,217,947,157,645,904,113,209,1019,630,122,77,428,87,613
2014-02-03T17:03:48.887976,631,325,1007,651,616,884,92,110,848,616,541,538,733,407,507,715,36,959,588,403,740,449,982,177,870,936,975,761,986,53,383,404,220,545,54,720,16,957,687,714,689,665,569,351,791,359,813,601,736,587,167,324,930,930,407,308,647,877,133,637,841,91,239,372
2014-02-03T17:03:48.909045,311,784,262,321,438,72,906,231,707,367,458,329,215,462,923,468,863,244,917,996,266,897,480,357,882,387,541,729,735,432,734,974,788,434,753,897,24,575,267,326,955,89,251,901,837,97,695,147,141,136,785,403,550,23,972,372,811,931,972,329,154,645,678,101
2014-02-03T17:03:48.930120,1019,436,397,981,838,714,700,525,349,382,105,413,375,349,297,887,414,488,742,694,34,328,1001,473,914,453,925,958,701,857,918,964,818,612,56,866,208,374,85,656,960,674,768,575,495,13,337,972,470,904,191,350,282,148,699,420,58,737,709,92,904,174,917,450
2014-02-03T17:03:48.951214,486,276,834,935,428,63,557,460,683,305,637,304,1009,3,170,61,385,896,261,670,781,304,410,977,190,901,524,460,950,2,286,500,710,193,19,590,284,955,972,377,409,1020,342,20,870,541,359,727,609,280,91,594,858,952,30,876,539,29,298,352,640,211,280,371
2014-02-03T17:03:48.972305,122,536,572,559,590,668,473,171,108,117,423,486,790,165,634,900,550,591,164,480,259,249,11,957,241,301,126,353,742,347,193,655,189,940,490,212,6,797,483,390,604,848,618,798,901,664,223,463,435,1019,378,720,822,842,333,219,240,773,872,268,640,424,906,529
2014-02-03T17:03:48.993376,755,41,525,679,695,26,278,757,255,130,489,107,97,551,848,881,98,940,252,869,477,845,735,894,1015,185,523,275,317,515,371,142,286,400,30,238,912,933,109,556,805,64,752,17,588,22,101,321,711,385,715,120,986,711,305,325,618,221,844,776,297,824,599,463
2014-02-03T17:03:49.014456,453,500,286,198,712,737,484,438,485,386,133,89,569,320,386,23,671,530,135,357,788,845,707,562,973,105,220,937,1008,463,694,564,667,747,338,867,966,263,899,942,905,782,879,20,705,697,325,1012,926,341,575,118,693,947,787,34,28,330,874,551,931,55,459,412
2014-02-03T17:03:49.035544,651,588,346,231,11,905,678,125,426,222,629,201,862,487,272,363,997,268,297,856,864,682,680,502,933,494,231,723,678,674,784,887,577,970,302,644,751,52,460,580,44,26,294,897,306,386,242,974,418,812,36,813,149,962,229,635,205,530,672,109,993,377,573,683
2014-02-03T17:03:49.056637,438,318,615,454,1016,25,375,674,802,808,296,503,408,534,366,728,449,323,466,570,249,642,641,565,467,827,79,48,627,693,783,553,631,339,583,496,211,966,88,94,928,767,249,290,677,432,306,828,181,889,682,177,390,919,107,978,542,559,213,628,44,290,918,133
2014-02-03T17:03:49.077729,942,949,83,703,743,390,6,767,364,227,1023,199,320,546,389,576,122,758,374,433,1006,419,651,445,488,60,824,718,569,600,224,57,479,747,105,216,984,885,146,902,854,872,406,912,270,320,908,106,894,353,633,89,517,583,577,328,100,832,793,602,327,31,729,242
2014-02-03T17:03:49.098826,689,445,375,740,941,364,881,658,111,257,475,934,84,107,8,126,69,112,161,342,747,22,56,151,545,779,858,833,206,302,893,226,957,412,1021,95,266,189,605,326,339,501,665,584,412,293,121,721,722,311,0,49,64,81,785,986,299,476,766,875,692,16,960,392
2014-02-03T17:03:49.119925,444,267,211,936,565,748,629,35,63,59,596,951,207,823,231,698,386,386,124,616,828,296,816,493,378,93,74,453,721,395,721,266,758,397,879,419,256,384,424,555,463,554,557,868,923,1022,367,960,914,494,978,32,143,25,701,843,255,512,653,207,107,154,936,769
2014-02-03T17:03:49.140999,656,361,160,461,593,950,545,869,868,385,112,912,463,981,227,280,815,512,217,174,954,131,647,289,680,349,908,455,115,478,469,381,36,649,906,545,297,1019,833,493,431,932,125,929,668,648,1015,275,61,512,856,321,900,817,995,488,213,347,64,788,41,447,648,106
2014-02-03T17:03:49.162079,462,544,898,1023,741,623,773,668,468,255,644,459,385,813,512,391,187,805,406,666,245,297,519,390,209,284,911,653,441,685,578,337,154,303,885,43,310,363,776,478,82,512,339,593,802,427,1,929,972,122,249,261,661,44,983,297,1017,253,229,533,946,496,104,851
2014-02-03T17:03:49.183157,1005,605,975,109,580,593,453,762,32,578,431,288,740,94,977,806,29,912,924,232,293,173,942,269,882,473,67,932,907,588,131,841,838,750,280,420,989,876,1012,644,763,746,979,636,190,860,755,604,265,618,759,445,159,255,483,964,163,380,596,62,909,14,352,496
2014-02-03T17:03:49.204231,682,856,403,80,760,204,231,171,988,152,887,340,752,31,421,256,945,395,807,695,888,312,204,794,859,956,609,474,800,178,93,569,705,177,816,413,221,905,670,178,853,767,692,197,102,869,444,891,613,705,140,840,622,549,665,710,232,846,185,593,476,772,68,174
2014-02-03T17:03:49.225317,204,268,240,41,397,952,492,35,585,934,518,925,75,886,328,330,713,714,390,72,48,260,856,231,45,939,867,297,919,862,174,828,202,424,78,311,933,944,880,109,577,504,6,484,519,459,713,668,66,834,386,116,791,848,554,355,91,311,231,963,832,799,487,74
2014-02-03T17:03:49.246397,645,377,681,479,357,864,795,392,39,796,405,270,72,447,820,447,563,693,517,569,155,612,13,787,501,279,25,614,648,121,649,222,322,821,452,391,321,625,172,557,682,344,139,456,648,78,1017,880,712,663,73,1023,261,112,320,807,161,619,289,70,797,295,935,431
2014-02-03T17:03:49.267502,204,172,358,924,892,182,436,930,1018,119,39,19,1009,517,701,245,240,365,967,55,570,930,32,57,716,591,252,859,653,249,412,984,519,115,545,532,94,327,724,206,721,937,547,293,1023,984,268,509,616,340,584,809,385,160,919,446,794,1001,265,734,899,899,720,47
2014-02-03T17:03:49.288583,427,585,111,681,570,825,44,970,434,415,533,444,617,753,588,819,364,4,996,567,777,773,187,116,488,131,238,499,858,450,382,649,672,576,598,286,97,382,688,710,771,288,991,655,508,691,509,1002,770,409,186,658,996,884,1007,986,200,560,451,474,889,437,919,437
2014-02-03T17:03:49.309658,436,961,81,860,66,820,576,283,347,113,704,485,828,878,682,954,53,763,880,621,342,860,376,110,289,485,0,178,421,788,402,962,617,419,94,93,4,112,713,228,788,245,674,23,65,669,478,319,294,550,179,266,689,24,793,7,680,285,897,833,357,218,19,973
2014-02-03T17:03:49.330748,992,555,786,826,866,109,606,44,887,93,17,324,936,157,903,958,979,594,917,312,850,812,32,141,856,805,702,103,854,169,767,937,142,114,619,25,275,1009,986,644,976,534,530,596,687,453,439,984,232,94,762,837,826,764,914,198,393,804,720,556,370,942,99,947
2014-02-03T17:03:49.351824,10,96,601,333,252,802,1015,285,855,296,946,220,698,292,115,238,162,145,1022,146,563,840,879,960,162,80,572,734,397,1,858,110,382,568,551,345,127,79,65,629,958,481,305,651,804,254,709,635,486,240,865,1004,78,501,299,67,345,802,535,348,699,188,911,956
2014-02-03T17:03:49.372924,707,875,362,8,20,394,844,860,1020,213,160,742,477,558,39,872,303,947,800,968,43,796,196,570,461,344,287,342,736,960,330,4,111,533,728,487,617,462,693,917,828,282,956,1023,494,691,800,922,1017,767,733,572,252,311,124,684,153,189,751,766,492,492,741,283
2014-02-03T17:03:49.394003,743,815,151,204,66,702,556,428,272,821,532,333,827,957,850,937,44,114,208,315,419,547,619,324,941,565,479,78,168,22,441,548,688,105,241,752,297,209,147,236,519,793,467,489,610,830,462,119,172,910,74,543,175,631,976,618,844,325,537,249,766,74,650,530
2014-02-03T17:03:49.415110,923,957,137,671,650,422,619,140,649,362,127,681,384,298,313,413,568,426,620,133,984,768,153,202,200,165,192,757,761,521,639,963,145,545,570,580,584,969,940,850,200,826,889,756,512,98,963,183,608,279,664,370,552,547,195,602,481,636,61,896,870,557,932,758
2014-02-03T17:03:49.436204,121,870,869,983,155,454,1016,685,804,664,228,37,811,363,758,1014,147,8,210,22,694,934,110,1020,473,73,743,617,531,43,949,310,34,75,259,804,843,52,904,185,923,211,397,204,824,917,752,224,552,840,691,38,592,53,164,582,340,587,148,84,687,550,208,882
2014-02-03T17:03:49.457296,758,358,492,546,941,124,808,125,958,596,675,566,985,104,749,542,978,380,501,415,778,990,354,454,771,474,421,516,964,530,379,598,235,189,653,77,526,145,778,92,540,519,431,996,504,129,219,549,814,626,264,186,598,630,9,741,123,1015,191,328,601,730,357,326
2014-02-03T17:03:49.478399,918,625,728,386,642,868,139,584,802,103,589,467,257,798,831,564,233,84,368,25,357,715,25,56,892,320,893,241,17,811,140,245,807,966,942,929,466,537,68,562,201,423,120,133,724,60,818,794,631,476,102,996,271,28,873,1015,840,623,68,310,673,627,720,429
